target_id,sample_id,sample_index,source_split,source_index,membership,true_label,predicted_label,boundary_distance,initially_correct,anchors_used,boundary_queries,censored,initial_label_query,total_label_queries,norm
MNIST_QNN_z_r5_d6_s44,92c010e823ad2f73,0,train,0,1,3,0,0.0,False,0,0,False,1,1,l2
MNIST_QNN_z_r5_d6_s44,0e58431bed52e4ab,1,train,1,1,2,2,1.7207648754119873,True,16,160,False,1,161,l2
MNIST_QNN_z_r5_d6_s44,40cb926b08d92d88,2,train,2,1,1,1,2.0488343238830566,True,16,160,False,1,161,l2
MNIST_QNN_z_r5_d6_s44,ab3d80451e28639c,3,train,3,1,2,2,6.1231369972229,True,16,160,False,1,161,l2
MNIST_QNN_z_r5_d6_s44,1004368a81b1d3f9,4,train,4,1,1,1,5.266634941101074,True,16,160,False,1,161,l2
MNIST_QNN_z_r5_d6_s44,d32a55ce6325cc74,5,train,5,1,1,1,4.664785861968994,True,16,160,False,1,161,l2
MNIST_QNN_z_r5_d6_s44,8a518d02fd281566,6,train,6,1,1,1,4.907073974609375,True,16,160,False,1,161,l2
MNIST_QNN_z_r5_d6_s44,2a269320032354fd,7,train,7,1,2,2,0.9801437854766846,True,16,160,False,1,161,l2
MNIST_QNN_z_r5_d6_s44,25c342eba5dc248d,8,train,8,1,1,1,5.16007137298584,True,16,160,False,1,161,l2
MNIST_QNN_z_r5_d6_s44,3a20ccc68397360d,9,train,9,1,3,3,3.2425382137298584,True,16,160,False,1,161,l2
MNIST_QNN_z_r5_d6_s44,a1b33b35d34d0bb2,10,train,10,1,2,2,0.6712273955345154,True,16,160,False,1,161,l2
MNIST_QNN_z_r5_d6_s44,e50a3909a8f17e31,11,train,11,1,0,0,5.830955982208252,True,16,160,False,1,161,l2
MNIST_QNN_z_r5_d6_s44,1cf9ecf0d90de769,12,train,12,1,2,2,1.9611951112747192,True,16,160,False,1,161,l2
MNIST_QNN_z_r5_d6_s44,e2804dafb8042fb5,13,train,13,1,2,2,13.310355186462402,True,16,160,False,1,161,l2
MNIST_QNN_z_r5_d6_s44,5fc184b2f01a1489,14,train,14,1,1,1,4.113045692443848,True,16,160,False,1,161,l2
MNIST_QNN_z_r5_d6_s44,19eff6293ed1eecc,15,train,15,1,1,1,2.820237874984741,True,16,160,False,1,161,l2
MNIST_QNN_z_r5_d6_s44,94db41731fc94db4,16,train,16,1,0,2,0.0,False,0,0,False,1,1,l2
MNIST_QNN_z_r5_d6_s44,397282abbed799ef,17,train,17,1,0,1,0.0,False,0,0,False,1,1,l2
MNIST_QNN_z_r5_d6_s44,c28bd72931a6e9c0,18,train,18,1,2,2,4.397289276123047,True,16,160,False,1,161,l2
MNIST_QNN_z_r5_d6_s44,2481717a8993a05e,19,train,19,1,1,1,3.9027023315429688,True,16,160,False,1,161,l2
MNIST_QNN_z_r5_d6_s44,dc30fe571f8ae8a9,20,train,20,1,0,0,2.3299856185913086,True,16,160,False,1,161,l2
MNIST_QNN_z_r5_d6_s44,b32cf1650eeff365,21,train,21,1,2,2,7.626914978027344,True,16,160,False,1,161,l2
MNIST_QNN_z_r5_d6_s44,775c0c5f769e8892,22,train,22,1,0,0,1.7858741283416748,True,16,160,False,1,161,l2
MNIST_QNN_z_r5_d6_s44,28a63bdbf8dbfff6,23,train,23,1,0,1,0.0,False,0,0,False,1,1,l2
MNIST_QNN_z_r5_d6_s44,65b667962797b50d,24,train,24,1,3,3,13.412069320678711,True,16,160,False,1,161,l2
MNIST_QNN_z_r5_d6_s44,5bbb39b6d0e6abff,25,train,25,1,2,0,0.0,False,0,0,False,1,1,l2
MNIST_QNN_z_r5_d6_s44,e8ab00d0bc25a6ce,26,train,26,1,1,1,4.147719383239746,True,16,160,False,1,161,l2
MNIST_QNN_z_r5_d6_s44,33e7d793b227af73,27,train,27,1,3,3,7.1898088455200195,True,16,160,False,1,161,l2
MNIST_QNN_z_r5_d6_s44,81b1c78163fb30d3,28,train,28,1,1,1,5.103431224822998,True,16,160,False,1,161,l2
MNIST_QNN_z_r5_d6_s44,3545831cbc89e5bc,29,train,29,1,0,0,4.684365272521973,True,16,160,False,1,161,l2
MNIST_QNN_z_r5_d6_s44,55bf8b1638338b9e,30,train,30,1,1,1,5.419136047363281,True,16,160,False,1,161,l2
MNIST_QNN_z_r5_d6_s44,58b154e1cb505ec2,31,train,31,1,3,3,0.5739557147026062,True,16,160,False,1,161,l2
MNIST_QNN_z_r5_d6_s44,29c929da5da245d4,32,train,32,1,0,2,0.0,False,0,0,False,1,1,l2
MNIST_QNN_z_r5_d6_s44,fe6a8cd109fc94e5,33,train,33,1,2,2,1.996027946472168,True,16,160,False,1,161,l2
MNIST_QNN_z_r5_d6_s44,f13fd5fe49b1927e,34,train,34,1,3,3,1.0573434829711914,True,16,160,False,1,161,l2
MNIST_QNN_z_r5_d6_s44,d4a89ed531c75d4c,35,train,35,1,2,2,3.9180426597595215,True,16,160,False,1,161,l2
MNIST_QNN_z_r5_d6_s44,7081d9b00939dc49,36,train,36,1,0,0,1.174344778060913,True,16,160,False,1,161,l2
MNIST_QNN_z_r5_d6_s44,a3e2614b01dae4dc,37,train,37,1,3,3,2.228522300720215,True,16,160,False,1,161,l2
MNIST_QNN_z_r5_d6_s44,9b7f2c9fa2675054,38,train,38,1,0,0,2.1354026794433594,True,16,160,False,1,161,l2
MNIST_QNN_z_r5_d6_s44,f55e25cf6348b7da,39,train,39,1,2,3,0.0,False,0,0,False,1,1,l2
MNIST_QNN_z_r5_d6_s44,8ea72f7a35a859cc,40,train,40,1,2,2,2.805650234222412,True,16,160,False,1,161,l2
MNIST_QNN_z_r5_d6_s44,9cbc7918cf78faf5,41,train,41,1,2,2,4.75209379196167,True,16,160,False,1,161,l2
MNIST_QNN_z_r5_d6_s44,b1dddb0496a671a9,42,train,42,1,0,0,0.25929439067840576,True,16,160,False,1,161,l2
MNIST_QNN_z_r5_d6_s44,3f8af0abb9b1e415,43,train,43,1,1,1,1.6814782619476318,True,16,160,False,1,161,l2
MNIST_QNN_z_r5_d6_s44,e532a2bf06052190,44,train,44,1,0,1,0.0,False,0,0,False,1,1,l2
MNIST_QNN_z_r5_d6_s44,c9fba5df9ae8c56e,45,train,45,1,2,0,0.0,False,0,0,False,1,1,l2
MNIST_QNN_z_r5_d6_s44,a5e534264874bb62,46,train,46,1,0,0,10.838433265686035,True,16,160,False,1,161,l2
MNIST_QNN_z_r5_d6_s44,1a75b88a33c373b9,47,train,47,1,2,2,21.076025009155273,True,16,160,False,1,161,l2
MNIST_QNN_z_r5_d6_s44,8e7f84a9b2e3a004,48,train,48,1,0,0,3.3659615516662598,True,16,160,False,1,161,l2
MNIST_QNN_z_r5_d6_s44,e6aaa1383ef33482,49,train,49,1,0,1,0.0,False,0,0,False,1,1,l2
MNIST_QNN_z_r5_d6_s44,d7dd174a70b58467,50,train,50,1,2,2,6.6453022956848145,True,16,160,False,1,161,l2
MNIST_QNN_z_r5_d6_s44,a234d5cee77b3715,51,train,51,1,0,3,0.0,False,0,0,False,1,1,l2
MNIST_QNN_z_r5_d6_s44,6be4064157e59d35,52,train,52,1,1,1,1.3798387050628662,True,16,160,False,1,161,l2
MNIST_QNN_z_r5_d6_s44,00f1be44bea4f7f3,53,train,53,1,1,1,4.5611572265625,True,16,160,False,1,161,l2
MNIST_QNN_z_r5_d6_s44,f42e832a431d653a,54,train,54,1,2,2,2.843501329421997,True,16,160,False,1,161,l2
MNIST_QNN_z_r5_d6_s44,23cb47065a7daad1,55,train,55,1,2,2,0.3045099675655365,True,16,160,False,1,161,l2
MNIST_QNN_z_r5_d6_s44,98309a6923977407,56,train,56,1,2,0,0.0,False,0,0,False,1,1,l2
MNIST_QNN_z_r5_d6_s44,6c8dbb69b8c583fb,57,train,57,1,2,2,0.33282485604286194,True,16,160,False,1,161,l2
MNIST_QNN_z_r5_d6_s44,49ff56ef58859e7d,58,train,58,1,1,0,0.0,False,0,0,False,1,1,l2
MNIST_QNN_z_r5_d6_s44,9c60ff9e15e241f7,59,train,59,1,0,2,0.0,False,0,0,False,1,1,l2
MNIST_QNN_z_r5_d6_s44,55ed86172017ec93,60,train,60,1,3,1,0.0,False,0,0,False,1,1,l2
MNIST_QNN_z_r5_d6_s44,a9d922509b7a8413,61,train,61,1,1,1,0.050716228783130646,True,16,160,False,1,161,l2
MNIST_QNN_z_r5_d6_s44,178f1aa8b5dfb18a,62,train,62,1,1,1,5.087438106536865,True,16,160,False,1,161,l2
MNIST_QNN_z_r5_d6_s44,7844e1e93b1756c4,63,train,63,1,1,0,0.0,False,0,0,False,1,1,l2
MNIST_QNN_z_r5_d6_s44,91b62d21fcedbbba,64,train,64,1,0,1,0.0,False,0,0,False,1,1,l2
MNIST_QNN_z_r5_d6_s44,41808fc118a72f76,65,train,65,1,0,3,0.0,False,0,0,False,1,1,l2
MNIST_QNN_z_r5_d6_s44,39ee977859ba4f1a,66,train,66,1,3,3,5.236904144287109,True,16,160,False,1,161,l2
MNIST_QNN_z_r5_d6_s44,cc8a18b2dc134b80,67,train,67,1,3,3,0.8410340547561646,True,16,160,False,1,161,l2
MNIST_QNN_z_r5_d6_s44,9f877777f3e1b03b,68,train,68,1,2,2,6.467280864715576,True,16,160,False,1,161,l2
MNIST_QNN_z_r5_d6_s44,a0d4abb759d2f4e3,69,train,69,1,1,1,0.37365129590034485,True,16,160,False,1,161,l2
MNIST_QNN_z_r5_d6_s44,c4f317fc266a08a1,70,train,70,1,2,1,0.0,False,0,0,False,1,1,l2
MNIST_QNN_z_r5_d6_s44,3b1d7b2b92a50e2e,71,train,71,1,0,0,1.9207683801651,True,16,160,False,1,161,l2
MNIST_QNN_z_r5_d6_s44,7bf20ef252c2723a,72,train,72,1,3,3,6.871755599975586,True,16,160,False,1,161,l2
MNIST_QNN_z_r5_d6_s44,2feb011e180acd56,73,train,73,1,0,0,0.9937083721160889,True,16,160,False,1,161,l2
MNIST_QNN_z_r5_d6_s44,b6dd2d93fd948e94,74,train,74,1,1,1,4.440600395202637,True,16,160,False,1,161,l2
MNIST_QNN_z_r5_d6_s44,4107f0c3dd5fc13b,75,train,75,1,1,1,5.2577223777771,True,16,160,False,1,161,l2
MNIST_QNN_z_r5_d6_s44,6749c35d379229c2,76,train,76,1,2,2,1.60802161693573,True,16,160,False,1,161,l2
MNIST_QNN_z_r5_d6_s44,434b4ec2287a921d,77,train,77,1,0,0,10.563551902770996,True,16,160,False,1,161,l2
MNIST_QNN_z_r5_d6_s44,25dc2a82661a4b7c,78,train,78,1,2,2,0.9969662427902222,True,16,160,False,1,161,l2
MNIST_QNN_z_r5_d6_s44,36994e1b003a4eb7,79,train,79,1,2,2,10.810254096984863,True,16,160,False,1,161,l2
MNIST_QNN_z_r5_d6_s44,02bf12d00ec5146b,80,train,80,1,1,1,1.6180483102798462,True,16,160,False,1,161,l2
MNIST_QNN_z_r5_d6_s44,73ceed80817db4bd,81,train,81,1,1,1,3.9484851360321045,True,16,160,False,1,161,l2
MNIST_QNN_z_r5_d6_s44,62a840c999dd4372,82,train,82,1,0,1,0.0,False,0,0,False,1,1,l2
MNIST_QNN_z_r5_d6_s44,8cd8c77658bb086d,83,train,83,1,1,1,0.371784508228302,True,16,160,False,1,161,l2
MNIST_QNN_z_r5_d6_s44,e277ecf536cf565c,84,train,84,1,1,1,2.5550835132598877,True,16,160,False,1,161,l2
MNIST_QNN_z_r5_d6_s44,1ceffd1a830e887d,85,train,85,1,1,1,1.3063468933105469,True,16,160,False,1,161,l2
MNIST_QNN_z_r5_d6_s44,8e441a30bc3aaaba,86,train,86,1,1,1,2.5706381797790527,True,16,160,False,1,161,l2
MNIST_QNN_z_r5_d6_s44,3b47b69611ef0ba4,87,train,87,1,0,2,0.0,False,0,0,False,1,1,l2
MNIST_QNN_z_r5_d6_s44,17b34e3ba3da31a7,88,train,88,1,2,2,3.810556650161743,True,16,160,False,1,161,l2
MNIST_QNN_z_r5_d6_s44,4733af71f68b1ad2,89,train,89,1,1,3,0.0,False,0,0,False,1,1,l2
MNIST_QNN_z_r5_d6_s44,79db2163a56138a6,90,train,90,1,1,2,0.0,False,0,0,False,1,1,l2
MNIST_QNN_z_r5_d6_s44,ef1097acfa368dd6,91,train,91,1,0,3,0.0,False,0,0,False,1,1,l2
MNIST_QNN_z_r5_d6_s44,0367a062cea7392f,92,train,92,1,1,1,5.584470272064209,True,16,160,False,1,161,l2
MNIST_QNN_z_r5_d6_s44,c276b3f29e14bcde,93,train,93,1,3,3,3.882408618927002,True,16,160,False,1,161,l2
MNIST_QNN_z_r5_d6_s44,019c79a1d32355f7,94,train,94,1,2,2,0.3092896640300751,True,16,160,False,1,161,l2
MNIST_QNN_z_r5_d6_s44,b1f4e70689e428d9,95,train,95,1,0,1,0.0,False,0,0,False,1,1,l2
MNIST_QNN_z_r5_d6_s44,dd33b6f9735f31ab,96,train,96,1,0,0,4.582448959350586,True,16,160,False,1,161,l2
MNIST_QNN_z_r5_d6_s44,fffd8e533998eb1d,97,train,97,1,2,2,9.052647590637207,True,16,160,False,1,161,l2
MNIST_QNN_z_r5_d6_s44,076f31840ad509dd,98,train,98,1,1,1,3.402517557144165,True,16,160,False,1,161,l2
MNIST_QNN_z_r5_d6_s44,2fc6dc8de64e24d0,99,train,99,1,3,3,8.985199928283691,True,16,160,False,1,161,l2
MNIST_QNN_z_r5_d6_s44,ae407b7fd3131245,100,train,100,1,1,1,3.257955312728882,True,16,160,False,1,161,l2
MNIST_QNN_z_r5_d6_s44,7dc0d4e18160ee31,101,train,101,1,1,1,4.368831157684326,True,16,160,False,1,161,l2
MNIST_QNN_z_r5_d6_s44,1eb512ebd2eccb12,102,train,102,1,2,2,3.631009817123413,True,16,160,False,1,161,l2
MNIST_QNN_z_r5_d6_s44,89323468fdbb62c8,103,train,103,1,3,3,3.2857234477996826,True,16,160,False,1,161,l2
MNIST_QNN_z_r5_d6_s44,60481b5993784fd9,104,train,104,1,0,0,4.285962104797363,True,16,160,False,1,161,l2
MNIST_QNN_z_r5_d6_s44,e77ffbb7f4b43f90,105,train,105,1,3,3,1.8344422578811646,True,16,160,False,1,161,l2
MNIST_QNN_z_r5_d6_s44,a400c06f0672f200,106,train,106,1,1,1,3.8707168102264404,True,16,160,False,1,161,l2
MNIST_QNN_z_r5_d6_s44,255ad3e0a173ccda,107,train,107,1,1,1,4.35533332824707,True,16,160,False,1,161,l2
MNIST_QNN_z_r5_d6_s44,0e476ca4f928ea33,108,train,108,1,2,2,1.5114270448684692,True,16,160,False,1,161,l2
MNIST_QNN_z_r5_d6_s44,61ead54b6c61731e,109,train,109,1,3,3,7.1491804122924805,True,16,160,False,1,161,l2
MNIST_QNN_z_r5_d6_s44,7133b1be318fd985,110,train,110,1,0,0,2.628713369369507,True,16,160,False,1,161,l2
MNIST_QNN_z_r5_d6_s44,d366d38e94a54f1f,111,train,111,1,2,2,1.7991880178451538,True,16,160,False,1,161,l2
MNIST_QNN_z_r5_d6_s44,a02b0d8b050b25cb,112,train,112,1,0,0,4.661537170410156,True,16,160,False,1,161,l2
MNIST_QNN_z_r5_d6_s44,d8874d7ec30b01f6,113,train,113,1,3,3,10.13209056854248,True,16,160,False,1,161,l2
MNIST_QNN_z_r5_d6_s44,9b8bebf04c976bb5,114,train,114,1,0,0,0.19333654642105103,True,16,160,False,1,161,l2
MNIST_QNN_z_r5_d6_s44,e52b6308845ebe67,115,train,115,1,3,3,4.600820541381836,True,16,160,False,1,161,l2
MNIST_QNN_z_r5_d6_s44,1845ab4ced2f74a8,116,train,116,1,2,2,3.9733283519744873,True,16,160,False,1,161,l2
MNIST_QNN_z_r5_d6_s44,985b5e013e624d83,117,train,117,1,0,3,0.0,False,0,0,False,1,1,l2
MNIST_QNN_z_r5_d6_s44,e56f1274514d0d25,118,train,118,1,2,2,3.81392502784729,True,16,160,False,1,161,l2
MNIST_QNN_z_r5_d6_s44,e1916bfd8e9d4d3f,119,train,119,1,0,3,0.0,False,0,0,False,1,1,l2
MNIST_QNN_z_r5_d6_s44,2d655ef0886baf0b,120,train,120,1,1,0,0.0,False,0,0,False,1,1,l2
MNIST_QNN_z_r5_d6_s44,2fc0c32e1a6a287e,121,train,121,1,3,3,14.210248947143555,True,16,160,False,1,161,l2
MNIST_QNN_z_r5_d6_s44,0a4ca665cee52ba9,122,train,122,1,1,1,4.351947784423828,True,16,160,False,1,161,l2
MNIST_QNN_z_r5_d6_s44,b4dc59c5a3e56dcd,123,train,123,1,0,0,1.9108694791793823,True,16,160,False,1,161,l2
MNIST_QNN_z_r5_d6_s44,457712b429cc0764,124,train,124,1,2,2,13.156229019165039,True,16,160,False,1,161,l2
MNIST_QNN_z_r5_d6_s44,ad3e181ae09fc8ef,125,train,125,1,3,1,0.0,False,0,0,False,1,1,l2
MNIST_QNN_z_r5_d6_s44,d6dc88bf0fc13d84,126,train,126,1,1,1,1.0188465118408203,True,16,160,False,1,161,l2
MNIST_QNN_z_r5_d6_s44,c379169e401fb193,127,train,127,1,3,1,0.0,False,0,0,False,1,1,l2
MNIST_QNN_z_r5_d6_s44,a4a2e43b5db1fee1,128,train,128,1,0,0,0.5782759785652161,True,16,160,False,1,161,l2
MNIST_QNN_z_r5_d6_s44,d0c2f4ff1e5a1519,129,train,129,1,1,2,0.0,False,0,0,False,1,1,l2
MNIST_QNN_z_r5_d6_s44,7d3c8763b109520c,130,train,130,1,0,3,0.0,False,0,0,False,1,1,l2
MNIST_QNN_z_r5_d6_s44,5e02ac6b8464fffc,131,train,131,1,0,3,0.0,False,0,0,False,1,1,l2
MNIST_QNN_z_r5_d6_s44,494290d4d26f0132,132,train,132,1,0,0,6.638519763946533,True,16,160,False,1,161,l2
MNIST_QNN_z_r5_d6_s44,9e0de2dc02314923,133,train,133,1,0,0,2.1014597415924072,True,16,160,False,1,161,l2
MNIST_QNN_z_r5_d6_s44,7cb9d42bcd62fde9,134,train,134,1,3,3,3.8166778087615967,True,16,160,False,1,161,l2
MNIST_QNN_z_r5_d6_s44,7d9b073613514b62,135,train,135,1,1,0,0.0,False,0,0,False,1,1,l2
MNIST_QNN_z_r5_d6_s44,49db016ec28844ba,136,train,136,1,0,0,1.5640366077423096,True,16,160,False,1,161,l2
MNIST_QNN_z_r5_d6_s44,57a8d679096bb995,137,train,137,1,1,1,4.829963207244873,True,16,160,False,1,161,l2
MNIST_QNN_z_r5_d6_s44,78572efb4edd38fb,138,train,138,1,1,1,5.000792026519775,True,16,160,False,1,161,l2
MNIST_QNN_z_r5_d6_s44,3981b08222b692e1,139,train,139,1,1,1,3.808824300765991,True,16,160,False,1,161,l2
MNIST_QNN_z_r5_d6_s44,25ce244ec7ea57b7,140,train,140,1,0,3,0.0,False,0,0,False,1,1,l2
MNIST_QNN_z_r5_d6_s44,305cfbd66f1d4cab,141,train,141,1,2,0,0.0,False,0,0,False,1,1,l2
MNIST_QNN_z_r5_d6_s44,065d767bdf281283,142,train,142,1,2,2,13.614161491394043,True,16,160,False,1,161,l2
MNIST_QNN_z_r5_d6_s44,91c9f1b68f80c690,143,train,143,1,1,2,0.0,False,0,0,False,1,1,l2
MNIST_QNN_z_r5_d6_s44,1443f3df33b5fc9c,144,train,144,1,3,1,0.0,False,0,0,False,1,1,l2
MNIST_QNN_z_r5_d6_s44,ca468cee07c88312,145,train,145,1,2,2,3.8477582931518555,True,16,160,False,1,161,l2
MNIST_QNN_z_r5_d6_s44,4053ff0b23aaaad2,146,train,146,1,0,0,13.193209648132324,True,16,160,False,1,161,l2
MNIST_QNN_z_r5_d6_s44,269fcc98d2ace9e7,147,train,147,1,0,0,1.826910138130188,True,16,160,False,1,161,l2
MNIST_QNN_z_r5_d6_s44,4b68ef1232dc5323,148,train,148,1,0,0,0.24465946853160858,True,16,160,False,1,161,l2
MNIST_QNN_z_r5_d6_s44,ba0e29e7226d1c84,149,train,149,1,3,3,6.97810697555542,True,16,160,False,1,161,l2
MNIST_QNN_z_r5_d6_s44,a8208054eb9427a9,150,train,150,1,3,3,2.006964921951294,True,16,160,False,1,161,l2
MNIST_QNN_z_r5_d6_s44,35a190a464e0f68d,151,train,151,1,1,1,2.1984574794769287,True,16,160,False,1,161,l2
MNIST_QNN_z_r5_d6_s44,21891c44988bbd24,152,train,152,1,1,1,2.6007936000823975,True,16,160,False,1,161,l2
MNIST_QNN_z_r5_d6_s44,62e5c04f7e8c49df,153,train,153,1,2,2,10.128214836120605,True,16,160,False,1,161,l2
MNIST_QNN_z_r5_d6_s44,086d5fbda4e995e8,154,train,154,1,1,1,1.9228332042694092,True,16,160,False,1,161,l2
MNIST_QNN_z_r5_d6_s44,c3199e30c69865aa,155,train,155,1,0,3,0.0,False,0,0,False,1,1,l2
MNIST_QNN_z_r5_d6_s44,96e8d6fa4e8f9a6b,156,train,156,1,3,3,0.8814974427223206,True,16,160,False,1,161,l2
MNIST_QNN_z_r5_d6_s44,9eb567abc02bf1d9,157,train,157,1,3,3,1.8151423931121826,True,16,160,False,1,161,l2
MNIST_QNN_z_r5_d6_s44,83c5ace326cfe017,158,train,158,1,0,2,0.0,False,0,0,False,1,1,l2
MNIST_QNN_z_r5_d6_s44,c586ce2eafd320bd,159,train,159,1,3,0,0.0,False,0,0,False,1,1,l2
MNIST_QNN_z_r5_d6_s44,e2a5a8a88a4988ec,160,train,160,1,1,1,2.7127280235290527,True,16,160,False,1,161,l2
MNIST_QNN_z_r5_d6_s44,9565edfe40e7a8f3,161,train,161,1,0,0,1.1361147165298462,True,16,160,False,1,161,l2
MNIST_QNN_z_r5_d6_s44,77f273743d3e0616,162,train,162,1,1,1,4.307590961456299,True,16,160,False,1,161,l2
MNIST_QNN_z_r5_d6_s44,ac711fec1721eac9,163,train,163,1,3,1,0.0,False,0,0,False,1,1,l2
MNIST_QNN_z_r5_d6_s44,082a54b87b515b71,164,train,164,1,3,3,5.915472507476807,True,16,160,False,1,161,l2
MNIST_QNN_z_r5_d6_s44,4b87de43036352bc,165,train,165,1,2,3,0.0,False,0,0,False,1,1,l2
MNIST_QNN_z_r5_d6_s44,90ff2b2977a60700,166,train,166,1,2,2,2.8691277503967285,True,16,160,False,1,161,l2
MNIST_QNN_z_r5_d6_s44,64aeb0ad4f80a494,167,train,167,1,3,1,0.0,False,0,0,False,1,1,l2
MNIST_QNN_z_r5_d6_s44,6e15c9a880cff9ca,168,train,168,1,3,1,0.0,False,0,0,False,1,1,l2
MNIST_QNN_z_r5_d6_s44,0b81c0da33857294,169,train,169,1,3,3,0.09408029913902283,True,16,160,False,1,161,l2
MNIST_QNN_z_r5_d6_s44,76a6cf8a7b2309aa,170,train,170,1,3,3,4.884273529052734,True,16,160,False,1,161,l2
MNIST_QNN_z_r5_d6_s44,99ba1876da9423ed,171,train,171,1,3,3,4.105114459991455,True,16,160,False,1,161,l2
MNIST_QNN_z_r5_d6_s44,e9f8ead428f581c1,172,train,172,1,1,3,0.0,False,0,0,False,1,1,l2
MNIST_QNN_z_r5_d6_s44,11fa296e8f43314e,173,train,173,1,0,0,2.189931869506836,True,16,160,False,1,161,l2
MNIST_QNN_z_r5_d6_s44,b4d5f1dcbb72211a,174,train,174,1,0,0,5.415119171142578,True,16,160,False,1,161,l2
MNIST_QNN_z_r5_d6_s44,e79a839c5654ca15,175,train,175,1,0,0,2.842149496078491,True,16,160,False,1,161,l2
MNIST_QNN_z_r5_d6_s44,15e754d6960973ed,176,train,176,1,3,3,4.765035629272461,True,16,160,False,1,161,l2
MNIST_QNN_z_r5_d6_s44,b71981c7f430f515,177,train,177,1,2,2,7.968747138977051,True,16,160,False,1,161,l2
MNIST_QNN_z_r5_d6_s44,9934612b5960285e,178,train,178,1,3,1,0.0,False,0,0,False,1,1,l2
MNIST_QNN_z_r5_d6_s44,12d24b849872c44c,179,train,179,1,2,2,0.8110292553901672,True,16,160,False,1,161,l2
MNIST_QNN_z_r5_d6_s44,82fa6340a76ee778,180,train,180,1,3,0,0.0,False,0,0,False,1,1,l2
MNIST_QNN_z_r5_d6_s44,8cceb8ea82baf813,181,train,181,1,3,1,0.0,False,0,0,False,1,1,l2
MNIST_QNN_z_r5_d6_s44,d22f3c7494a58e50,182,train,182,1,3,3,5.012693881988525,True,16,160,False,1,161,l2
MNIST_QNN_z_r5_d6_s44,fb140ffb830b2b04,183,train,183,1,3,3,3.08020281791687,True,16,160,False,1,161,l2
MNIST_QNN_z_r5_d6_s44,96fc68edf218975f,184,train,184,1,2,3,0.0,False,0,0,False,1,1,l2
MNIST_QNN_z_r5_d6_s44,84ae147b64ede514,185,train,185,1,3,3,2.529073476791382,True,16,160,False,1,161,l2
MNIST_QNN_z_r5_d6_s44,24a5d7d339621e42,186,train,186,1,3,3,14.460187911987305,True,16,160,False,1,161,l2
MNIST_QNN_z_r5_d6_s44,3e143147e889af52,187,train,187,1,3,3,2.8839871883392334,True,16,160,False,1,161,l2
MNIST_QNN_z_r5_d6_s44,b99115c4a6495659,188,train,188,1,3,3,2.015676975250244,True,16,160,False,1,161,l2
MNIST_QNN_z_r5_d6_s44,8f54d0ca0513e298,189,train,189,1,2,2,6.408071517944336,True,16,160,False,1,161,l2
MNIST_QNN_z_r5_d6_s44,6f4eae91e6adac4e,190,train,190,1,2,2,21.826622009277344,True,16,160,False,1,161,l2
MNIST_QNN_z_r5_d6_s44,eb0a885bdbd9369d,191,train,191,1,3,3,15.39454460144043,True,16,160,False,1,161,l2
MNIST_QNN_z_r5_d6_s44,58a45df7b1733796,192,train,192,1,2,1,0.0,False,0,0,False,1,1,l2
MNIST_QNN_z_r5_d6_s44,5c63f34da6e994a4,193,train,193,1,2,2,5.439712047576904,True,16,160,False,1,161,l2
MNIST_QNN_z_r5_d6_s44,798a69c9e3b3178c,194,train,194,1,2,2,2.5634164810180664,True,16,160,False,1,161,l2
MNIST_QNN_z_r5_d6_s44,4e2f68c87fa918ad,195,train,195,1,2,2,10.995062828063965,True,16,160,False,1,161,l2
MNIST_QNN_z_r5_d6_s44,657cfddc20300d47,196,train,196,1,3,3,5.223374366760254,True,16,160,False,1,161,l2
MNIST_QNN_z_r5_d6_s44,17bb3fd869b4acbf,197,train,197,1,3,3,1.532261848449707,True,16,160,False,1,161,l2
MNIST_QNN_z_r5_d6_s44,cb9fe181adb035d7,198,train,198,1,3,3,1.2267711162567139,True,16,160,False,1,161,l2
MNIST_QNN_z_r5_d6_s44,cf9d7632009a0fad,199,train,199,1,3,3,15.68513298034668,True,16,160,False,1,161,l2
MNIST_QNN_z_r5_d6_s44,cc7c1cc48ef050a0,200,test,0,0,1,1,6.081094264984131,True,16,160,False,1,161,l2
MNIST_QNN_z_r5_d6_s44,f713028fbc34daa1,201,test,1,0,0,3,0.0,False,0,0,False,1,1,l2
MNIST_QNN_z_r5_d6_s44,9934cd08bd410e31,202,test,2,0,1,1,4.344953536987305,True,16,160,False,1,161,l2
MNIST_QNN_z_r5_d6_s44,87b87bafed91f154,203,test,3,0,0,1,0.0,False,0,0,False,1,1,l2
MNIST_QNN_z_r5_d6_s44,58ab9cfe4e90c0d4,204,test,4,0,0,3,0.0,False,0,0,False,1,1,l2
MNIST_QNN_z_r5_d6_s44,7712118c56b8edcf,205,test,5,0,1,1,0.3942130208015442,True,16,160,False,1,161,l2
MNIST_QNN_z_r5_d6_s44,9b6b939b621d3a5c,206,test,6,0,2,2,3.246513605117798,True,16,160,False,1,161,l2
MNIST_QNN_z_r5_d6_s44,708239c6a607b2de,207,test,7,0,0,0,2.8250503540039062,True,16,160,False,1,161,l2
MNIST_QNN_z_r5_d6_s44,f90b4aaf96ea7a6c,208,test,8,0,0,3,0.0,False,0,0,False,1,1,l2
MNIST_QNN_z_r5_d6_s44,bfeede84b36a15e1,209,test,9,0,1,1,1.1373672485351562,True,16,160,False,1,161,l2
MNIST_QNN_z_r5_d6_s44,4b17afce06ead254,210,test,10,0,2,0,0.0,False,0,0,False,1,1,l2
MNIST_QNN_z_r5_d6_s44,54a43e9340b8b4f2,211,test,11,0,1,2,0.0,False,0,0,False,1,1,l2
MNIST_QNN_z_r5_d6_s44,54498c680d656c52,212,test,12,0,2,1,0.0,False,0,0,False,1,1,l2
MNIST_QNN_z_r5_d6_s44,892e7c158d0cafd2,213,test,13,0,1,1,4.700007438659668,True,16,160,False,1,161,l2
MNIST_QNN_z_r5_d6_s44,c4a4e1413c1ea69b,214,test,14,0,1,1,2.1272194385528564,True,16,160,False,1,161,l2
MNIST_QNN_z_r5_d6_s44,3061d72cb7b12d80,215,test,15,0,1,1,4.882490158081055,True,16,160,False,1,161,l2
MNIST_QNN_z_r5_d6_s44,db084837d7512913,216,test,16,0,2,2,0.3077313303947449,True,16,160,False,1,161,l2
MNIST_QNN_z_r5_d6_s44,0a4b04bcbad17ac1,217,test,17,0,1,0,0.0,False,0,0,False,1,1,l2
MNIST_QNN_z_r5_d6_s44,6bddbdc9384d0ed3,218,test,18,0,2,3,0.0,False,0,0,False,1,1,l2
MNIST_QNN_z_r5_d6_s44,51f6da4d213dcf00,219,test,19,0,0,3,0.0,False,0,0,False,1,1,l2
MNIST_QNN_z_r5_d6_s44,64ad9386317b77cc,220,test,20,0,1,1,5.208346366882324,True,16,160,False,1,161,l2
MNIST_QNN_z_r5_d6_s44,cad086accbf8d984,221,test,21,0,3,0,0.0,False,0,0,False,1,1,l2
MNIST_QNN_z_r5_d6_s44,29472e6fe60986e3,222,test,22,0,2,2,1.66655695438385,True,16,160,False,1,161,l2
MNIST_QNN_z_r5_d6_s44,50cce0ad802f784d,223,test,23,0,2,3,0.0,False,0,0,False,1,1,l2
MNIST_QNN_z_r5_d6_s44,c4f024584acac9fc,224,test,24,0,0,0,4.409841060638428,True,16,160,False,1,161,l2
MNIST_QNN_z_r5_d6_s44,d8090eae3281ed01,225,test,25,0,0,0,1.497780442237854,True,16,160,False,1,161,l2
MNIST_QNN_z_r5_d6_s44,f5cbbaa538f92977,226,test,26,0,1,1,1.1018860340118408,True,16,160,False,1,161,l2
MNIST_QNN_z_r5_d6_s44,241b891398498cb7,227,test,27,0,2,1,0.0,False,0,0,False,1,1,l2
MNIST_QNN_z_r5_d6_s44,542de979d132e428,228,test,28,0,3,3,12.151845932006836,True,16,160,False,1,161,l2
MNIST_QNN_z_r5_d6_s44,d061a355645afdef,229,test,29,0,2,2,0.23660120368003845,True,16,160,False,1,161,l2
MNIST_QNN_z_r5_d6_s44,1a2128d656f62dcb,230,test,30,0,1,1,2.233800172805786,True,16,160,False,1,161,l2
MNIST_QNN_z_r5_d6_s44,1c1b814b446f0b7b,231,test,31,0,2,3,0.0,False,0,0,False,1,1,l2
MNIST_QNN_z_r5_d6_s44,c83b338e2f7ff8d6,232,test,32,0,2,2,4.756075859069824,True,16,160,False,1,161,l2
MNIST_QNN_z_r5_d6_s44,c7a9d59a64a1773e,233,test,33,0,1,2,0.0,False,0,0,False,1,1,l2
MNIST_QNN_z_r5_d6_s44,e05cc155067b1376,234,test,34,0,1,1,1.942650556564331,True,16,160,False,1,161,l2
MNIST_QNN_z_r5_d6_s44,825a4342149f77b9,235,test,35,0,0,1,0.0,False,0,0,False,1,1,l2
MNIST_QNN_z_r5_d6_s44,619dba97f8fdd29f,236,test,36,0,1,0,0.0,False,0,0,False,1,1,l2
MNIST_QNN_z_r5_d6_s44,308317b4663a5e77,237,test,37,0,3,3,2.465167284011841,True,16,160,False,1,161,l2
MNIST_QNN_z_r5_d6_s44,07c5c5eb45e0eb40,238,test,38,0,2,1,0.0,False,0,0,False,1,1,l2
MNIST_QNN_z_r5_d6_s44,58ff6823c2cc3708,239,test,39,0,0,0,1.0116724967956543,True,16,160,False,1,161,l2
MNIST_QNN_z_r5_d6_s44,ccd7af57ad69a60a,240,test,40,0,3,3,4.223410606384277,True,16,160,False,1,161,l2
MNIST_QNN_z_r5_d6_s44,b08d68376c8eb236,241,test,41,0,3,3,3.914463996887207,True,16,160,False,1,161,l2
MNIST_QNN_z_r5_d6_s44,cd9f458f62a6d1e2,242,test,42,0,1,1,1.0783694982528687,True,16,160,False,1,161,l2
MNIST_QNN_z_r5_d6_s44,ef4d86af22f2434c,243,test,43,0,0,3,0.0,False,0,0,False,1,1,l2
MNIST_QNN_z_r5_d6_s44,7f0c0192ffe4b29f,244,test,44,0,1,1,3.8491945266723633,True,16,160,False,1,161,l2
MNIST_QNN_z_r5_d6_s44,12b9d469f356f720,245,test,45,0,2,1,0.0,False,0,0,False,1,1,l2
MNIST_QNN_z_r5_d6_s44,d3350fcfbd6f5808,246,test,46,0,1,1,4.349648475646973,True,16,160,False,1,161,l2
MNIST_QNN_z_r5_d6_s44,b9bc7001ba0a6cb5,247,test,47,0,1,1,3.7684249877929688,True,16,160,False,1,161,l2
MNIST_QNN_z_r5_d6_s44,8b924e09465ae1cb,248,test,48,0,3,3,9.140056610107422,True,16,160,False,1,161,l2
MNIST_QNN_z_r5_d6_s44,5995c28a763739db,249,test,49,0,0,3,0.0,False,0,0,False,1,1,l2
MNIST_QNN_z_r5_d6_s44,9bfeba2e65b3083f,250,test,50,0,1,1,1.5590505599975586,True,16,160,False,1,161,l2
MNIST_QNN_z_r5_d6_s44,b7bb46073fd87751,251,test,51,0,0,0,1.983199119567871,True,16,160,False,1,161,l2
MNIST_QNN_z_r5_d6_s44,bfdcfa8f0d8cf3ad,252,test,52,0,2,2,5.858654022216797,True,16,160,False,1,161,l2
MNIST_QNN_z_r5_d6_s44,4e2f66ccbcde9141,253,test,53,0,1,1,2.1259002685546875,True,16,160,False,1,161,l2
MNIST_QNN_z_r5_d6_s44,778881ab5deeee7b,254,test,54,0,2,1,0.0,False,0,0,False,1,1,l2
MNIST_QNN_z_r5_d6_s44,d848832fec3a2f4e,255,test,55,0,1,1,4.553463459014893,True,16,160,False,1,161,l2
MNIST_QNN_z_r5_d6_s44,e41316eb43aca657,256,test,56,0,3,3,6.3977460861206055,True,16,160,False,1,161,l2
MNIST_QNN_z_r5_d6_s44,002755f11f5a7e1a,257,test,57,0,1,1,0.41110914945602417,True,16,160,False,1,161,l2
MNIST_QNN_z_r5_d6_s44,ae62a98fc72a2486,258,test,58,0,3,3,2.4617698192596436,True,16,160,False,1,161,l2
MNIST_QNN_z_r5_d6_s44,0f42aeb4b5e38697,259,test,59,0,1,1,1.4528716802597046,True,16,160,False,1,161,l2
MNIST_QNN_z_r5_d6_s44,7747e86af4ed7acb,260,test,60,0,3,0,0.0,False,0,0,False,1,1,l2
MNIST_QNN_z_r5_d6_s44,456871d7c45bf7f7,261,test,61,0,0,2,0.0,False,0,0,False,1,1,l2
MNIST_QNN_z_r5_d6_s44,43566fcdeb9d1428,262,test,62,0,3,3,3.90490460395813,True,16,160,False,1,161,l2
MNIST_QNN_z_r5_d6_s44,2b159f7730b280d7,263,test,63,0,0,1,0.0,False,0,0,False,1,1,l2
MNIST_QNN_z_r5_d6_s44,b8399f66d7e12241,264,test,64,0,1,3,0.0,False,0,0,False,1,1,l2
MNIST_QNN_z_r5_d6_s44,d4af87b901a65478,265,test,65,0,1,1,1.5266964435577393,True,16,160,False,1,161,l2
MNIST_QNN_z_r5_d6_s44,abcb011e49d61e05,266,test,66,0,1,0,0.0,False,0,0,False,1,1,l2
MNIST_QNN_z_r5_d6_s44,b3fa640e446d664a,267,test,67,0,0,1,0.0,False,0,0,False,1,1,l2
MNIST_QNN_z_r5_d6_s44,fd6b4d7277b40fb4,268,test,68,0,0,1,0.0,False,0,0,False,1,1,l2
MNIST_QNN_z_r5_d6_s44,6e34dd3dfdb91187,269,test,69,0,2,3,0.0,False,0,0,False,1,1,l2
MNIST_QNN_z_r5_d6_s44,64a5f00c858fd493,270,test,70,0,1,1,3.333230972290039,True,16,160,False,1,161,l2
MNIST_QNN_z_r5_d6_s44,21d026eaa32738da,271,test,71,0,2,2,1.1942344903945923,True,16,160,False,1,161,l2
MNIST_QNN_z_r5_d6_s44,7f17e1b30e615817,272,test,72,0,1,1,4.2604146003723145,True,16,160,False,1,161,l2
MNIST_QNN_z_r5_d6_s44,9db3f7fc73cef96d,273,test,73,0,1,2,0.0,False,0,0,False,1,1,l2
MNIST_QNN_z_r5_d6_s44,2c0f017512396e29,274,test,74,0,1,1,6.03005838394165,True,16,160,False,1,161,l2
MNIST_QNN_z_r5_d6_s44,6088fa95550b12b6,275,test,75,0,2,3,0.0,False,0,0,False,1,1,l2
MNIST_QNN_z_r5_d6_s44,0fd26eeac331f2e1,276,test,76,0,2,3,0.0,False,0,0,False,1,1,l2
MNIST_QNN_z_r5_d6_s44,9f11b843ca2eca95,277,test,77,0,0,3,0.0,False,0,0,False,1,1,l2
MNIST_QNN_z_r5_d6_s44,2b6e357e0ceaa22d,278,test,78,0,2,2,7.5832295417785645,True,16,160,False,1,161,l2
MNIST_QNN_z_r5_d6_s44,63ed71c83a440d9e,279,test,79,0,1,1,6.577080726623535,True,16,160,False,1,161,l2
MNIST_QNN_z_r5_d6_s44,65c46a5620df52b9,280,test,80,0,3,3,6.527395725250244,True,16,160,False,1,161,l2
MNIST_QNN_z_r5_d6_s44,8b7f2d62b8839b14,281,test,81,0,1,1,5.638808727264404,True,16,160,False,1,161,l2
MNIST_QNN_z_r5_d6_s44,c2f7e36b77508f2e,282,test,82,0,2,2,7.553384780883789,True,16,160,False,1,161,l2
MNIST_QNN_z_r5_d6_s44,98c75e0ff905a985,283,test,83,0,2,1,0.0,False,0,0,False,1,1,l2
MNIST_QNN_z_r5_d6_s44,57c5b2555a8f2dc6,284,test,84,0,3,2,0.0,False,0,0,False,1,1,l2
MNIST_QNN_z_r5_d6_s44,3839995a9a0fa4de,285,test,85,0,3,3,4.214428901672363,True,16,160,False,1,161,l2
MNIST_QNN_z_r5_d6_s44,31697c44616f70d0,286,test,86,0,1,2,0.0,False,0,0,False,1,1,l2
MNIST_QNN_z_r5_d6_s44,207d8102924512c6,287,test,87,0,3,3,2.789123296737671,True,16,160,False,1,161,l2
MNIST_QNN_z_r5_d6_s44,d5d7db8527e7030d,288,test,88,0,2,3,0.0,False,0,0,False,1,1,l2
MNIST_QNN_z_r5_d6_s44,c000f8fb3e45fa8f,289,test,89,0,0,2,0.0,False,0,0,False,1,1,l2
MNIST_QNN_z_r5_d6_s44,e77bfc84eabfa43d,290,test,90,0,1,1,4.468236446380615,True,16,160,False,1,161,l2
MNIST_QNN_z_r5_d6_s44,79643f6020c64918,291,test,91,0,3,0,0.0,False,0,0,False,1,1,l2
MNIST_QNN_z_r5_d6_s44,9ef86c7709bd761f,292,test,92,0,3,1,0.0,False,0,0,False,1,1,l2
MNIST_QNN_z_r5_d6_s44,1674f9d628d732a3,293,test,93,0,1,0,0.0,False,0,0,False,1,1,l2
MNIST_QNN_z_r5_d6_s44,33060f953ff67801,294,test,94,0,3,3,8.004679679870605,True,16,160,False,1,161,l2
MNIST_QNN_z_r5_d6_s44,36dfb5623d60c81f,295,test,95,0,1,2,0.0,False,0,0,False,1,1,l2
MNIST_QNN_z_r5_d6_s44,1268876f7044fdc9,296,test,96,0,3,0,0.0,False,0,0,False,1,1,l2
MNIST_QNN_z_r5_d6_s44,4ba43eacaf8ee083,297,test,97,0,0,0,1.4724700450897217,True,16,160,False,1,161,l2
MNIST_QNN_z_r5_d6_s44,07061181f1f8f5fd,298,test,98,0,2,1,0.0,False,0,0,False,1,1,l2
MNIST_QNN_z_r5_d6_s44,2cfe18fa5c4cca1b,299,test,99,0,0,3,0.0,False,0,0,False,1,1,l2
MNIST_QNN_z_r5_d6_s44,e5e6a7ec8e378bbd,300,test,100,0,1,2,0.0,False,0,0,False,1,1,l2
MNIST_QNN_z_r5_d6_s44,6d40043fe5452f55,301,test,101,0,1,1,2.8795011043548584,True,16,160,False,1,161,l2
MNIST_QNN_z_r5_d6_s44,b5324434ebe7ae46,302,test,102,0,3,3,6.684035301208496,True,16,160,False,1,161,l2
MNIST_QNN_z_r5_d6_s44,8bad3abac6a0a9cc,303,test,103,0,1,1,1.7828028202056885,True,16,160,False,1,161,l2
MNIST_QNN_z_r5_d6_s44,069a016e888d1aa3,304,test,104,0,1,1,2.8674814701080322,True,16,160,False,1,161,l2
MNIST_QNN_z_r5_d6_s44,90160685e9287f32,305,test,105,0,3,1,0.0,False,0,0,False,1,1,l2
MNIST_QNN_z_r5_d6_s44,93a638e5593a9da8,306,test,106,0,0,3,0.0,False,0,0,False,1,1,l2
MNIST_QNN_z_r5_d6_s44,d5bbd52a30bc5e8e,307,test,107,0,0,2,0.0,False,0,0,False,1,1,l2
MNIST_QNN_z_r5_d6_s44,f18d787442b20121,308,test,108,0,0,2,0.0,False,0,0,False,1,1,l2
MNIST_QNN_z_r5_d6_s44,d56bbdeed4ae88e7,309,test,109,0,3,3,2.3992199897766113,True,16,160,False,1,161,l2
MNIST_QNN_z_r5_d6_s44,ebe26dad29afb270,310,test,110,0,1,2,0.0,False,0,0,False,1,1,l2
MNIST_QNN_z_r5_d6_s44,1f12442799899656,311,test,111,0,0,2,0.0,False,0,0,False,1,1,l2
MNIST_QNN_z_r5_d6_s44,d308d93d34cab3d5,312,test,112,0,2,1,0.0,False,0,0,False,1,1,l2
MNIST_QNN_z_r5_d6_s44,82900e27cf4be7a7,313,test,113,0,2,2,1.1615785360336304,True,16,160,False,1,161,l2
MNIST_QNN_z_r5_d6_s44,2375c9331327e8c2,314,test,114,0,0,3,0.0,False,0,0,False,1,1,l2
MNIST_QNN_z_r5_d6_s44,9c92ab2831709bf5,315,test,115,0,0,3,0.0,False,0,0,False,1,1,l2
MNIST_QNN_z_r5_d6_s44,bccf8b208b6eee27,316,test,116,0,2,2,10.952675819396973,True,16,160,False,1,161,l2
MNIST_QNN_z_r5_d6_s44,4730fb529a541290,317,test,117,0,1,2,0.0,False,0,0,False,1,1,l2
MNIST_QNN_z_r5_d6_s44,af385f30b0d80ddb,318,test,118,0,2,1,0.0,False,0,0,False,1,1,l2
MNIST_QNN_z_r5_d6_s44,8da4d238e9d9c760,319,test,119,0,0,3,0.0,False,0,0,False,1,1,l2
MNIST_QNN_z_r5_d6_s44,404d7337db7249de,320,test,120,0,0,0,1.9053664207458496,True,16,160,False,1,161,l2
MNIST_QNN_z_r5_d6_s44,562748afe08e3607,321,test,121,0,1,2,0.0,False,0,0,False,1,1,l2
MNIST_QNN_z_r5_d6_s44,2058e4a996961125,322,test,122,0,1,2,0.0,False,0,0,False,1,1,l2
MNIST_QNN_z_r5_d6_s44,b159ac44cef87fea,323,test,123,0,1,3,0.0,False,0,0,False,1,1,l2
MNIST_QNN_z_r5_d6_s44,4d5611971217ffbf,324,test,124,0,2,0,0.0,False,0,0,False,1,1,l2
MNIST_QNN_z_r5_d6_s44,77f7f9d7492deb43,325,test,125,0,2,1,0.0,False,0,0,False,1,1,l2
MNIST_QNN_z_r5_d6_s44,8fc0abded948f580,326,test,126,0,3,3,2.5065975189208984,True,16,160,False,1,161,l2
MNIST_QNN_z_r5_d6_s44,4c76370b22bc8623,327,test,127,0,1,1,4.382237911224365,True,16,160,False,1,161,l2
MNIST_QNN_z_r5_d6_s44,b4be7b72e15eb3d1,328,test,128,0,2,0,0.0,False,0,0,False,1,1,l2
MNIST_QNN_z_r5_d6_s44,6b2fe44d7f94a9f6,329,test,129,0,3,3,10.193334579467773,True,16,160,False,1,161,l2
MNIST_QNN_z_r5_d6_s44,03580b74aac3f3d8,330,test,130,0,1,2,0.0,False,0,0,False,1,1,l2
MNIST_QNN_z_r5_d6_s44,3421a20e4b62a558,331,test,131,0,0,3,0.0,False,0,0,False,1,1,l2
MNIST_QNN_z_r5_d6_s44,ac43cc5b6819089a,332,test,132,0,1,1,3.8068783283233643,True,16,160,False,1,161,l2
MNIST_QNN_z_r5_d6_s44,8c19569fe05da0a6,333,test,133,0,2,1,0.0,False,0,0,False,1,1,l2
MNIST_QNN_z_r5_d6_s44,db17b2a3ce8ab97f,334,test,134,0,1,1,0.20631548762321472,True,16,160,False,1,161,l2
MNIST_QNN_z_r5_d6_s44,79ff5bb83202f881,335,test,135,0,3,1,0.0,False,0,0,False,1,1,l2
MNIST_QNN_z_r5_d6_s44,60d7649c0b2d8e0d,336,test,136,0,0,3,0.0,False,0,0,False,1,1,l2
MNIST_QNN_z_r5_d6_s44,d7bfc67f051141e1,337,test,137,0,2,1,0.0,False,0,0,False,1,1,l2
MNIST_QNN_z_r5_d6_s44,640347a4548fb2e5,338,test,138,0,0,1,0.0,False,0,0,False,1,1,l2
MNIST_QNN_z_r5_d6_s44,acf4ddd3e572023d,339,test,139,0,3,3,17.297794342041016,True,16,160,False,1,161,l2
MNIST_QNN_z_r5_d6_s44,753b125a3ec2cd2f,340,test,140,0,3,0,0.0,False,0,0,False,1,1,l2
MNIST_QNN_z_r5_d6_s44,20859825910e024c,341,test,141,0,0,0,0.09140047430992126,True,16,160,False,1,161,l2
MNIST_QNN_z_r5_d6_s44,18fa973fa41e1d3c,342,test,142,0,2,3,0.0,False,0,0,False,1,1,l2
MNIST_QNN_z_r5_d6_s44,058f882410efad93,343,test,143,0,2,3,0.0,False,0,0,False,1,1,l2
MNIST_QNN_z_r5_d6_s44,7e25c2ec3678360a,344,test,144,0,3,3,1.9476133584976196,True,16,160,False,1,161,l2
MNIST_QNN_z_r5_d6_s44,cbbe86368041922c,345,test,145,0,3,3,1.1095263957977295,True,16,160,False,1,161,l2
MNIST_QNN_z_r5_d6_s44,b1c7905ea58c6581,346,test,146,0,2,2,2.637199640274048,True,16,160,False,1,161,l2
MNIST_QNN_z_r5_d6_s44,1c863bde9359d282,347,test,147,0,3,0,0.0,False,0,0,False,1,1,l2
MNIST_QNN_z_r5_d6_s44,513327dc0a922d51,348,test,148,0,0,2,0.0,False,0,0,False,1,1,l2
MNIST_QNN_z_r5_d6_s44,549a656ce012ad24,349,test,149,0,2,0,0.0,False,0,0,False,1,1,l2
MNIST_QNN_z_r5_d6_s44,6c55d45d85895410,350,test,150,0,0,2,0.0,False,0,0,False,1,1,l2
MNIST_QNN_z_r5_d6_s44,889ea4d53785f1e1,351,test,151,0,3,3,9.223484992980957,True,16,160,False,1,161,l2
MNIST_QNN_z_r5_d6_s44,9c643891ee603d7b,352,test,152,0,3,2,0.0,False,0,0,False,1,1,l2
MNIST_QNN_z_r5_d6_s44,e1c4f3bbed6ba5a6,353,test,153,0,3,2,0.0,False,0,0,False,1,1,l2
MNIST_QNN_z_r5_d6_s44,7e99e6b15482d3d1,354,test,154,0,3,1,0.0,False,0,0,False,1,1,l2
MNIST_QNN_z_r5_d6_s44,17f77a46b8f50b16,355,test,155,0,2,2,14.8195219039917,True,16,160,False,1,161,l2
MNIST_QNN_z_r5_d6_s44,27f8e528e548c86e,356,test,156,0,0,3,0.0,False,0,0,False,1,1,l2
MNIST_QNN_z_r5_d6_s44,7661f7cd231d9d38,357,test,157,0,0,2,0.0,False,0,0,False,1,1,l2
MNIST_QNN_z_r5_d6_s44,7cfbec89c9224948,358,test,158,0,2,2,6.455976963043213,True,16,160,False,1,161,l2
MNIST_QNN_z_r5_d6_s44,86ca296be3722733,359,test,159,0,0,1,0.0,False,0,0,False,1,1,l2
MNIST_QNN_z_r5_d6_s44,86c8c80f937cbde5,360,test,160,0,2,1,0.0,False,0,0,False,1,1,l2
MNIST_QNN_z_r5_d6_s44,6ce3e9e011f9b3f5,361,test,161,0,2,3,0.0,False,0,0,False,1,1,l2
MNIST_QNN_z_r5_d6_s44,f7f3502cb41f05e4,362,test,162,0,2,2,7.107707977294922,True,16,160,False,1,161,l2
MNIST_QNN_z_r5_d6_s44,86b2a8b49665b421,363,test,163,0,2,2,6.562964916229248,True,16,160,False,1,161,l2
MNIST_QNN_z_r5_d6_s44,ae2fa579c90eb97a,364,test,164,0,3,3,6.80056095123291,True,16,160,False,1,161,l2
MNIST_QNN_z_r5_d6_s44,767ce06148f6fa36,365,test,165,0,0,0,0.07725870609283447,True,16,160,False,1,161,l2
MNIST_QNN_z_r5_d6_s44,cd70243e7b23650e,366,test,166,0,2,2,11.494529724121094,True,16,160,False,1,161,l2
MNIST_QNN_z_r5_d6_s44,5f03237e83517f31,367,test,167,0,3,3,5.121570587158203,True,16,160,False,1,161,l2
MNIST_QNN_z_r5_d6_s44,b978d29a0fd3a951,368,test,168,0,3,0,0.0,False,0,0,False,1,1,l2
MNIST_QNN_z_r5_d6_s44,1e7dbb13db04873f,369,test,169,0,3,3,17.077669143676758,True,16,160,False,1,161,l2
MNIST_QNN_z_r5_d6_s44,afdd42ecfc4539da,370,test,170,0,3,2,0.0,False,0,0,False,1,1,l2
MNIST_QNN_z_r5_d6_s44,220d99a17e2b9e22,371,test,171,0,0,3,0.0,False,0,0,False,1,1,l2
MNIST_QNN_z_r5_d6_s44,93e65cce35b16343,372,test,172,0,3,1,0.0,False,0,0,False,1,1,l2
MNIST_QNN_z_r5_d6_s44,9d384583fb06a7a9,373,test,173,0,0,0,3.67301082611084,True,16,160,False,1,161,l2
MNIST_QNN_z_r5_d6_s44,5ef8bc230b7b9515,374,test,174,0,2,1,0.0,False,0,0,False,1,1,l2
MNIST_QNN_z_r5_d6_s44,d7452d6d6486aa12,375,test,175,0,3,0,0.0,False,0,0,False,1,1,l2
MNIST_QNN_z_r5_d6_s44,94661308e6a67545,376,test,176,0,0,0,3.633342981338501,True,16,160,False,1,161,l2
MNIST_QNN_z_r5_d6_s44,431538f964d868a7,377,test,177,0,2,0,0.0,False,0,0,False,1,1,l2
MNIST_QNN_z_r5_d6_s44,649364af45308d71,378,test,178,0,2,3,0.0,False,0,0,False,1,1,l2
MNIST_QNN_z_r5_d6_s44,8f8257b5d1f556ab,379,test,179,0,2,2,1.6871577501296997,True,16,160,False,1,161,l2
MNIST_QNN_z_r5_d6_s44,5f821c7a666fd09a,380,test,180,0,2,1,0.0,False,0,0,False,1,1,l2
MNIST_QNN_z_r5_d6_s44,57400c39db7a5322,381,test,181,0,3,1,0.0,False,0,0,False,1,1,l2
MNIST_QNN_z_r5_d6_s44,9c460de7481e72d6,382,test,182,0,2,2,1.2989671230316162,True,16,160,False,1,161,l2
MNIST_QNN_z_r5_d6_s44,981a2b5abf7b6d6b,383,test,183,0,0,3,0.0,False,0,0,False,1,1,l2
MNIST_QNN_z_r5_d6_s44,7312dc5932e133c7,384,test,184,0,3,3,4.942465305328369,True,16,160,False,1,161,l2
MNIST_QNN_z_r5_d6_s44,96b82261fdb9b39a,385,test,185,0,3,0,0.0,False,0,0,False,1,1,l2
MNIST_QNN_z_r5_d6_s44,cfb3adbbb318b663,386,test,186,0,3,2,0.0,False,0,0,False,1,1,l2
MNIST_QNN_z_r5_d6_s44,492da61a1779ba52,387,test,187,0,3,2,0.0,False,0,0,False,1,1,l2
MNIST_QNN_z_r5_d6_s44,13d0850f29c3ebee,388,test,188,0,0,2,0.0,False,0,0,False,1,1,l2
MNIST_QNN_z_r5_d6_s44,0b5dd49ca43d3fbb,389,test,189,0,0,1,0.0,False,0,0,False,1,1,l2
MNIST_QNN_z_r5_d6_s44,0e19931c2010fb7d,390,test,190,0,0,3,0.0,False,0,0,False,1,1,l2
MNIST_QNN_z_r5_d6_s44,966548093b9ea22a,391,test,191,0,3,2,0.0,False,0,0,False,1,1,l2
MNIST_QNN_z_r5_d6_s44,bcb5529a8c99b7d0,392,test,192,0,0,2,0.0,False,0,0,False,1,1,l2
MNIST_QNN_z_r5_d6_s44,2d0ca2a709e8071f,393,test,193,0,3,3,8.736645698547363,True,16,160,False,1,161,l2
MNIST_QNN_z_r5_d6_s44,036dbd95be959c48,394,test,194,0,0,3,0.0,False,0,0,False,1,1,l2
MNIST_QNN_z_r5_d6_s44,b9d2e138eb159fec,395,test,195,0,0,3,0.0,False,0,0,False,1,1,l2
MNIST_QNN_z_r5_d6_s44,066769e9fa7d4b7e,396,test,196,0,3,3,10.080702781677246,True,16,160,False,1,161,l2
MNIST_QNN_z_r5_d6_s44,a425454b8d3a38ea,397,test,197,0,3,0,0.0,False,0,0,False,1,1,l2
MNIST_QNN_z_r5_d6_s44,3d480d6163e0106b,398,test,198,0,0,3,0.0,False,0,0,False,1,1,l2
MNIST_QNN_z_r5_d6_s44,53b2ef9e56b4479c,399,test,199,0,3,3,4.6081624031066895,True,16,160,False,1,161,l2
