target_id,mode,shots,simulator_seed,transpiler_seed,backend_name,noise_model_loaded,quantum_execution_scope,metric_scope,metric_name,value
MNIST_QNN_zz_r1_d6_s44,exact,0,-1,2026,none,False,exact_full_model,train,target_accuracy,0.9300000071525574
MNIST_QNN_zz_r1_d6_s44,exact,0,-1,2026,none,False,exact_full_model,train,target_loss,0.20115818083286285
MNIST_QNN_zz_r1_d6_s44,exact,0,-1,2026,none,False,exact_full_model,train,n_records,100.0
MNIST_QNN_zz_r1_d6_s44,exact,0,-1,2026,none,False,exact_full_model,test,target_accuracy,0.7099999785423279
MNIST_QNN_zz_r1_d6_s44,exact,0,-1,2026,none,False,exact_full_model,test,target_loss,0.7000131011009216
MNIST_QNN_zz_r1_d6_s44,exact,0,-1,2026,none,False,exact_full_model,test,n_records,100.0
MNIST_QNN_zz_r1_d6_s44,exact,0,-1,2026,none,False,exact_full_model,membership,loss_auc,0.5747
MNIST_QNN_zz_r1_d6_s44,exact,0,-1,2026,none,False,exact_full_model,membership,entropy_auc,0.4965
MNIST_QNN_zz_r1_d6_s44,exact,0,-1,2026,none,False,exact_full_model,membership,confidence_auc,0.503
MNIST_QNN_zz_r1_d6_s44,exact,0,-1,2026,none,False,exact_full_model,membership,margin_auc,0.5062000000000001
MNIST_QNN_zz_r1_d6_s44,exact,0,-1,2026,none,False,exact_full_model,membership,correctness_auc,0.6100000000000001
MNIST_QNN_zz_r1_d6_s44,exact,0,-1,2026,none,False,exact_full_model,membership,max_probability_auc,0.503
MNIST_QNN_zz_r1_d6_s44,exact,0,-1,2026,none,False,exact_full_model,target,generalization_gap_accuracy,0.2200000286102295
MNIST_QNN_zz_r1_d6_s44,ideal_shot,128,0,2026,ibm_kingston,False,full_main_quantum_stack,train,target_accuracy,0.9200000166893005
MNIST_QNN_zz_r1_d6_s44,ideal_shot,128,0,2026,ibm_kingston,False,full_main_quantum_stack,train,target_loss,0.259982705116272
MNIST_QNN_zz_r1_d6_s44,ideal_shot,128,0,2026,ibm_kingston,False,full_main_quantum_stack,train,n_records,100.0
MNIST_QNN_zz_r1_d6_s44,ideal_shot,128,0,2026,ibm_kingston,False,full_main_quantum_stack,test,target_accuracy,0.6899999976158142
MNIST_QNN_zz_r1_d6_s44,ideal_shot,128,0,2026,ibm_kingston,False,full_main_quantum_stack,test,target_loss,0.8200688362121582
MNIST_QNN_zz_r1_d6_s44,ideal_shot,128,0,2026,ibm_kingston,False,full_main_quantum_stack,test,n_records,100.0
MNIST_QNN_zz_r1_d6_s44,ideal_shot,128,0,2026,ibm_kingston,False,full_main_quantum_stack,membership,loss_auc,0.5969
MNIST_QNN_zz_r1_d6_s44,ideal_shot,128,0,2026,ibm_kingston,False,full_main_quantum_stack,membership,entropy_auc,0.5127
MNIST_QNN_zz_r1_d6_s44,ideal_shot,128,0,2026,ibm_kingston,False,full_main_quantum_stack,membership,confidence_auc,0.5141
MNIST_QNN_zz_r1_d6_s44,ideal_shot,128,0,2026,ibm_kingston,False,full_main_quantum_stack,membership,margin_auc,0.5143
MNIST_QNN_zz_r1_d6_s44,ideal_shot,128,0,2026,ibm_kingston,False,full_main_quantum_stack,membership,correctness_auc,0.615
MNIST_QNN_zz_r1_d6_s44,ideal_shot,128,0,2026,ibm_kingston,False,full_main_quantum_stack,membership,max_probability_auc,0.5141
MNIST_QNN_zz_r1_d6_s44,ideal_shot,128,0,2026,ibm_kingston,False,full_main_quantum_stack,target,generalization_gap_accuracy,0.23000001907348633
MNIST_QNN_zz_r1_d6_s44,ideal_shot,128,1,2026,ibm_kingston,False,full_main_quantum_stack,train,target_accuracy,0.8999999761581421
MNIST_QNN_zz_r1_d6_s44,ideal_shot,128,1,2026,ibm_kingston,False,full_main_quantum_stack,train,target_loss,0.2482224404811859
MNIST_QNN_zz_r1_d6_s44,ideal_shot,128,1,2026,ibm_kingston,False,full_main_quantum_stack,train,n_records,100.0
MNIST_QNN_zz_r1_d6_s44,ideal_shot,128,1,2026,ibm_kingston,False,full_main_quantum_stack,test,target_accuracy,0.6800000071525574
MNIST_QNN_zz_r1_d6_s44,ideal_shot,128,1,2026,ibm_kingston,False,full_main_quantum_stack,test,target_loss,0.8515468835830688
MNIST_QNN_zz_r1_d6_s44,ideal_shot,128,1,2026,ibm_kingston,False,full_main_quantum_stack,test,n_records,100.0
MNIST_QNN_zz_r1_d6_s44,ideal_shot,128,1,2026,ibm_kingston,False,full_main_quantum_stack,membership,loss_auc,0.6191000000000001
MNIST_QNN_zz_r1_d6_s44,ideal_shot,128,1,2026,ibm_kingston,False,full_main_quantum_stack,membership,entropy_auc,0.5245
MNIST_QNN_zz_r1_d6_s44,ideal_shot,128,1,2026,ibm_kingston,False,full_main_quantum_stack,membership,confidence_auc,0.5256
MNIST_QNN_zz_r1_d6_s44,ideal_shot,128,1,2026,ibm_kingston,False,full_main_quantum_stack,membership,margin_auc,0.5268999999999999
MNIST_QNN_zz_r1_d6_s44,ideal_shot,128,1,2026,ibm_kingston,False,full_main_quantum_stack,membership,correctness_auc,0.61
MNIST_QNN_zz_r1_d6_s44,ideal_shot,128,1,2026,ibm_kingston,False,full_main_quantum_stack,membership,max_probability_auc,0.5256
MNIST_QNN_zz_r1_d6_s44,ideal_shot,128,1,2026,ibm_kingston,False,full_main_quantum_stack,target,generalization_gap_accuracy,0.21999996900558472
MNIST_QNN_zz_r1_d6_s44,ideal_shot,128,2,2026,ibm_kingston,False,full_main_quantum_stack,train,target_accuracy,0.8700000047683716
MNIST_QNN_zz_r1_d6_s44,ideal_shot,128,2,2026,ibm_kingston,False,full_main_quantum_stack,train,target_loss,0.33319151401519775
MNIST_QNN_zz_r1_d6_s44,ideal_shot,128,2,2026,ibm_kingston,False,full_main_quantum_stack,train,n_records,100.0
MNIST_QNN_zz_r1_d6_s44,ideal_shot,128,2,2026,ibm_kingston,False,full_main_quantum_stack,test,target_accuracy,0.7300000190734863
MNIST_QNN_zz_r1_d6_s44,ideal_shot,128,2,2026,ibm_kingston,False,full_main_quantum_stack,test,target_loss,0.6723834276199341
MNIST_QNN_zz_r1_d6_s44,ideal_shot,128,2,2026,ibm_kingston,False,full_main_quantum_stack,test,n_records,100.0
MNIST_QNN_zz_r1_d6_s44,ideal_shot,128,2,2026,ibm_kingston,False,full_main_quantum_stack,membership,loss_auc,0.5285
MNIST_QNN_zz_r1_d6_s44,ideal_shot,128,2,2026,ibm_kingston,False,full_main_quantum_stack,membership,entropy_auc,0.4642
MNIST_QNN_zz_r1_d6_s44,ideal_shot,128,2,2026,ibm_kingston,False,full_main_quantum_stack,membership,confidence_auc,0.4626
MNIST_QNN_zz_r1_d6_s44,ideal_shot,128,2,2026,ibm_kingston,False,full_main_quantum_stack,membership,margin_auc,0.4636
MNIST_QNN_zz_r1_d6_s44,ideal_shot,128,2,2026,ibm_kingston,False,full_main_quantum_stack,membership,correctness_auc,0.5700000000000001
MNIST_QNN_zz_r1_d6_s44,ideal_shot,128,2,2026,ibm_kingston,False,full_main_quantum_stack,membership,max_probability_auc,0.4626
MNIST_QNN_zz_r1_d6_s44,ideal_shot,128,2,2026,ibm_kingston,False,full_main_quantum_stack,target,generalization_gap_accuracy,0.13999998569488525
MNIST_QNN_zz_r1_d6_s44,ideal_shot,128,3,2026,ibm_kingston,False,full_main_quantum_stack,train,target_accuracy,0.9200000166893005
MNIST_QNN_zz_r1_d6_s44,ideal_shot,128,3,2026,ibm_kingston,False,full_main_quantum_stack,train,target_loss,0.251239150762558
MNIST_QNN_zz_r1_d6_s44,ideal_shot,128,3,2026,ibm_kingston,False,full_main_quantum_stack,train,n_records,100.0
MNIST_QNN_zz_r1_d6_s44,ideal_shot,128,3,2026,ibm_kingston,False,full_main_quantum_stack,test,target_accuracy,0.7099999785423279
MNIST_QNN_zz_r1_d6_s44,ideal_shot,128,3,2026,ibm_kingston,False,full_main_quantum_stack,test,target_loss,0.7856715321540833
MNIST_QNN_zz_r1_d6_s44,ideal_shot,128,3,2026,ibm_kingston,False,full_main_quantum_stack,test,n_records,100.0
MNIST_QNN_zz_r1_d6_s44,ideal_shot,128,3,2026,ibm_kingston,False,full_main_quantum_stack,membership,loss_auc,0.5661
MNIST_QNN_zz_r1_d6_s44,ideal_shot,128,3,2026,ibm_kingston,False,full_main_quantum_stack,membership,entropy_auc,0.49410000000000004
MNIST_QNN_zz_r1_d6_s44,ideal_shot,128,3,2026,ibm_kingston,False,full_main_quantum_stack,membership,confidence_auc,0.4938
MNIST_QNN_zz_r1_d6_s44,ideal_shot,128,3,2026,ibm_kingston,False,full_main_quantum_stack,membership,margin_auc,0.4952
MNIST_QNN_zz_r1_d6_s44,ideal_shot,128,3,2026,ibm_kingston,False,full_main_quantum_stack,membership,correctness_auc,0.605
MNIST_QNN_zz_r1_d6_s44,ideal_shot,128,3,2026,ibm_kingston,False,full_main_quantum_stack,membership,max_probability_auc,0.4938
MNIST_QNN_zz_r1_d6_s44,ideal_shot,128,3,2026,ibm_kingston,False,full_main_quantum_stack,target,generalization_gap_accuracy,0.21000003814697266
MNIST_QNN_zz_r1_d6_s44,ideal_shot,128,4,2026,ibm_kingston,False,full_main_quantum_stack,train,target_accuracy,0.8600000143051147
MNIST_QNN_zz_r1_d6_s44,ideal_shot,128,4,2026,ibm_kingston,False,full_main_quantum_stack,train,target_loss,0.311673104763031
MNIST_QNN_zz_r1_d6_s44,ideal_shot,128,4,2026,ibm_kingston,False,full_main_quantum_stack,train,n_records,100.0
MNIST_QNN_zz_r1_d6_s44,ideal_shot,128,4,2026,ibm_kingston,False,full_main_quantum_stack,test,target_accuracy,0.6899999976158142
MNIST_QNN_zz_r1_d6_s44,ideal_shot,128,4,2026,ibm_kingston,False,full_main_quantum_stack,test,target_loss,0.7984702587127686
MNIST_QNN_zz_r1_d6_s44,ideal_shot,128,4,2026,ibm_kingston,False,full_main_quantum_stack,test,n_records,100.0
MNIST_QNN_zz_r1_d6_s44,ideal_shot,128,4,2026,ibm_kingston,False,full_main_quantum_stack,membership,loss_auc,0.5508
MNIST_QNN_zz_r1_d6_s44,ideal_shot,128,4,2026,ibm_kingston,False,full_main_quantum_stack,membership,entropy_auc,0.4771
MNIST_QNN_zz_r1_d6_s44,ideal_shot,128,4,2026,ibm_kingston,False,full_main_quantum_stack,membership,confidence_auc,0.48219999999999996
MNIST_QNN_zz_r1_d6_s44,ideal_shot,128,4,2026,ibm_kingston,False,full_main_quantum_stack,membership,margin_auc,0.48680000000000007
MNIST_QNN_zz_r1_d6_s44,ideal_shot,128,4,2026,ibm_kingston,False,full_main_quantum_stack,membership,correctness_auc,0.585
MNIST_QNN_zz_r1_d6_s44,ideal_shot,128,4,2026,ibm_kingston,False,full_main_quantum_stack,membership,max_probability_auc,0.48219999999999996
MNIST_QNN_zz_r1_d6_s44,ideal_shot,128,4,2026,ibm_kingston,False,full_main_quantum_stack,target,generalization_gap_accuracy,0.17000001668930054
MNIST_QNN_zz_r1_d6_s44,ideal_shot,128,5,2026,ibm_kingston,False,full_main_quantum_stack,train,target_accuracy,0.8700000047683716
MNIST_QNN_zz_r1_d6_s44,ideal_shot,128,5,2026,ibm_kingston,False,full_main_quantum_stack,train,target_loss,0.2974287271499634
MNIST_QNN_zz_r1_d6_s44,ideal_shot,128,5,2026,ibm_kingston,False,full_main_quantum_stack,train,n_records,100.0
MNIST_QNN_zz_r1_d6_s44,ideal_shot,128,5,2026,ibm_kingston,False,full_main_quantum_stack,test,target_accuracy,0.7200000286102295
MNIST_QNN_zz_r1_d6_s44,ideal_shot,128,5,2026,ibm_kingston,False,full_main_quantum_stack,test,target_loss,0.6986910104751587
MNIST_QNN_zz_r1_d6_s44,ideal_shot,128,5,2026,ibm_kingston,False,full_main_quantum_stack,test,n_records,100.0
MNIST_QNN_zz_r1_d6_s44,ideal_shot,128,5,2026,ibm_kingston,False,full_main_quantum_stack,membership,loss_auc,0.5728000000000001
MNIST_QNN_zz_r1_d6_s44,ideal_shot,128,5,2026,ibm_kingston,False,full_main_quantum_stack,membership,entropy_auc,0.5266
MNIST_QNN_zz_r1_d6_s44,ideal_shot,128,5,2026,ibm_kingston,False,full_main_quantum_stack,membership,confidence_auc,0.5246
MNIST_QNN_zz_r1_d6_s44,ideal_shot,128,5,2026,ibm_kingston,False,full_main_quantum_stack,membership,margin_auc,0.5275000000000001
MNIST_QNN_zz_r1_d6_s44,ideal_shot,128,5,2026,ibm_kingston,False,full_main_quantum_stack,membership,correctness_auc,0.575
MNIST_QNN_zz_r1_d6_s44,ideal_shot,128,5,2026,ibm_kingston,False,full_main_quantum_stack,membership,max_probability_auc,0.5246
MNIST_QNN_zz_r1_d6_s44,ideal_shot,128,5,2026,ibm_kingston,False,full_main_quantum_stack,target,generalization_gap_accuracy,0.1499999761581421
MNIST_QNN_zz_r1_d6_s44,ideal_shot,128,6,2026,ibm_kingston,False,full_main_quantum_stack,train,target_accuracy,0.8700000047683716
MNIST_QNN_zz_r1_d6_s44,ideal_shot,128,6,2026,ibm_kingston,False,full_main_quantum_stack,train,target_loss,0.30433911085128784
MNIST_QNN_zz_r1_d6_s44,ideal_shot,128,6,2026,ibm_kingston,False,full_main_quantum_stack,train,n_records,100.0
MNIST_QNN_zz_r1_d6_s44,ideal_shot,128,6,2026,ibm_kingston,False,full_main_quantum_stack,test,target_accuracy,0.7200000286102295
MNIST_QNN_zz_r1_d6_s44,ideal_shot,128,6,2026,ibm_kingston,False,full_main_quantum_stack,test,target_loss,0.6929221153259277
MNIST_QNN_zz_r1_d6_s44,ideal_shot,128,6,2026,ibm_kingston,False,full_main_quantum_stack,test,n_records,100.0
MNIST_QNN_zz_r1_d6_s44,ideal_shot,128,6,2026,ibm_kingston,False,full_main_quantum_stack,membership,loss_auc,0.5385
MNIST_QNN_zz_r1_d6_s44,ideal_shot,128,6,2026,ibm_kingston,False,full_main_quantum_stack,membership,entropy_auc,0.48119999999999996
MNIST_QNN_zz_r1_d6_s44,ideal_shot,128,6,2026,ibm_kingston,False,full_main_quantum_stack,membership,confidence_auc,0.4871
MNIST_QNN_zz_r1_d6_s44,ideal_shot,128,6,2026,ibm_kingston,False,full_main_quantum_stack,membership,margin_auc,0.4891
MNIST_QNN_zz_r1_d6_s44,ideal_shot,128,6,2026,ibm_kingston,False,full_main_quantum_stack,membership,correctness_auc,0.575
MNIST_QNN_zz_r1_d6_s44,ideal_shot,128,6,2026,ibm_kingston,False,full_main_quantum_stack,membership,max_probability_auc,0.4871
MNIST_QNN_zz_r1_d6_s44,ideal_shot,128,6,2026,ibm_kingston,False,full_main_quantum_stack,target,generalization_gap_accuracy,0.1499999761581421
MNIST_QNN_zz_r1_d6_s44,ideal_shot,128,7,2026,ibm_kingston,False,full_main_quantum_stack,train,target_accuracy,0.9200000166893005
MNIST_QNN_zz_r1_d6_s44,ideal_shot,128,7,2026,ibm_kingston,False,full_main_quantum_stack,train,target_loss,0.2493371069431305
MNIST_QNN_zz_r1_d6_s44,ideal_shot,128,7,2026,ibm_kingston,False,full_main_quantum_stack,train,n_records,100.0
MNIST_QNN_zz_r1_d6_s44,ideal_shot,128,7,2026,ibm_kingston,False,full_main_quantum_stack,test,target_accuracy,0.7300000190734863
MNIST_QNN_zz_r1_d6_s44,ideal_shot,128,7,2026,ibm_kingston,False,full_main_quantum_stack,test,target_loss,0.7537765502929688
MNIST_QNN_zz_r1_d6_s44,ideal_shot,128,7,2026,ibm_kingston,False,full_main_quantum_stack,test,n_records,100.0
MNIST_QNN_zz_r1_d6_s44,ideal_shot,128,7,2026,ibm_kingston,False,full_main_quantum_stack,membership,loss_auc,0.5725
MNIST_QNN_zz_r1_d6_s44,ideal_shot,128,7,2026,ibm_kingston,False,full_main_quantum_stack,membership,entropy_auc,0.5084
MNIST_QNN_zz_r1_d6_s44,ideal_shot,128,7,2026,ibm_kingston,False,full_main_quantum_stack,membership,confidence_auc,0.5036999999999999
MNIST_QNN_zz_r1_d6_s44,ideal_shot,128,7,2026,ibm_kingston,False,full_main_quantum_stack,membership,margin_auc,0.5052
MNIST_QNN_zz_r1_d6_s44,ideal_shot,128,7,2026,ibm_kingston,False,full_main_quantum_stack,membership,correctness_auc,0.595
MNIST_QNN_zz_r1_d6_s44,ideal_shot,128,7,2026,ibm_kingston,False,full_main_quantum_stack,membership,max_probability_auc,0.5036999999999999
MNIST_QNN_zz_r1_d6_s44,ideal_shot,128,7,2026,ibm_kingston,False,full_main_quantum_stack,target,generalization_gap_accuracy,0.1899999976158142
MNIST_QNN_zz_r1_d6_s44,ideal_shot,128,8,2026,ibm_kingston,False,full_main_quantum_stack,train,target_accuracy,0.8399999737739563
MNIST_QNN_zz_r1_d6_s44,ideal_shot,128,8,2026,ibm_kingston,False,full_main_quantum_stack,train,target_loss,0.3105294108390808
MNIST_QNN_zz_r1_d6_s44,ideal_shot,128,8,2026,ibm_kingston,False,full_main_quantum_stack,train,n_records,100.0
MNIST_QNN_zz_r1_d6_s44,ideal_shot,128,8,2026,ibm_kingston,False,full_main_quantum_stack,test,target_accuracy,0.6800000071525574
MNIST_QNN_zz_r1_d6_s44,ideal_shot,128,8,2026,ibm_kingston,False,full_main_quantum_stack,test,target_loss,0.7413174510002136
MNIST_QNN_zz_r1_d6_s44,ideal_shot,128,8,2026,ibm_kingston,False,full_main_quantum_stack,test,n_records,100.0
MNIST_QNN_zz_r1_d6_s44,ideal_shot,128,8,2026,ibm_kingston,False,full_main_quantum_stack,membership,loss_auc,0.6016
MNIST_QNN_zz_r1_d6_s44,ideal_shot,128,8,2026,ibm_kingston,False,full_main_quantum_stack,membership,entropy_auc,0.5401
MNIST_QNN_zz_r1_d6_s44,ideal_shot,128,8,2026,ibm_kingston,False,full_main_quantum_stack,membership,confidence_auc,0.5424
MNIST_QNN_zz_r1_d6_s44,ideal_shot,128,8,2026,ibm_kingston,False,full_main_quantum_stack,membership,margin_auc,0.5446
MNIST_QNN_zz_r1_d6_s44,ideal_shot,128,8,2026,ibm_kingston,False,full_main_quantum_stack,membership,correctness_auc,0.58
MNIST_QNN_zz_r1_d6_s44,ideal_shot,128,8,2026,ibm_kingston,False,full_main_quantum_stack,membership,max_probability_auc,0.5424
MNIST_QNN_zz_r1_d6_s44,ideal_shot,128,8,2026,ibm_kingston,False,full_main_quantum_stack,target,generalization_gap_accuracy,0.15999996662139893
MNIST_QNN_zz_r1_d6_s44,ideal_shot,128,9,2026,ibm_kingston,False,full_main_quantum_stack,train,target_accuracy,0.8799999952316284
MNIST_QNN_zz_r1_d6_s44,ideal_shot,128,9,2026,ibm_kingston,False,full_main_quantum_stack,train,target_loss,0.2915727198123932
MNIST_QNN_zz_r1_d6_s44,ideal_shot,128,9,2026,ibm_kingston,False,full_main_quantum_stack,train,n_records,100.0
MNIST_QNN_zz_r1_d6_s44,ideal_shot,128,9,2026,ibm_kingston,False,full_main_quantum_stack,test,target_accuracy,0.7200000286102295
MNIST_QNN_zz_r1_d6_s44,ideal_shot,128,9,2026,ibm_kingston,False,full_main_quantum_stack,test,target_loss,0.7593343257904053
MNIST_QNN_zz_r1_d6_s44,ideal_shot,128,9,2026,ibm_kingston,False,full_main_quantum_stack,test,n_records,100.0
MNIST_QNN_zz_r1_d6_s44,ideal_shot,128,9,2026,ibm_kingston,False,full_main_quantum_stack,membership,loss_auc,0.5534
MNIST_QNN_zz_r1_d6_s44,ideal_shot,128,9,2026,ibm_kingston,False,full_main_quantum_stack,membership,entropy_auc,0.4659
MNIST_QNN_zz_r1_d6_s44,ideal_shot,128,9,2026,ibm_kingston,False,full_main_quantum_stack,membership,confidence_auc,0.4729
MNIST_QNN_zz_r1_d6_s44,ideal_shot,128,9,2026,ibm_kingston,False,full_main_quantum_stack,membership,margin_auc,0.47679999999999995
MNIST_QNN_zz_r1_d6_s44,ideal_shot,128,9,2026,ibm_kingston,False,full_main_quantum_stack,membership,correctness_auc,0.58
MNIST_QNN_zz_r1_d6_s44,ideal_shot,128,9,2026,ibm_kingston,False,full_main_quantum_stack,membership,max_probability_auc,0.4729
MNIST_QNN_zz_r1_d6_s44,ideal_shot,128,9,2026,ibm_kingston,False,full_main_quantum_stack,target,generalization_gap_accuracy,0.15999996662139893
MNIST_QNN_zz_r1_d6_s44,ideal_shot,512,0,2026,ibm_kingston,False,full_main_quantum_stack,train,target_accuracy,0.9399999976158142
MNIST_QNN_zz_r1_d6_s44,ideal_shot,512,0,2026,ibm_kingston,False,full_main_quantum_stack,train,target_loss,0.21834637224674225
MNIST_QNN_zz_r1_d6_s44,ideal_shot,512,0,2026,ibm_kingston,False,full_main_quantum_stack,train,n_records,100.0
MNIST_QNN_zz_r1_d6_s44,ideal_shot,512,0,2026,ibm_kingston,False,full_main_quantum_stack,test,target_accuracy,0.7099999785423279
MNIST_QNN_zz_r1_d6_s44,ideal_shot,512,0,2026,ibm_kingston,False,full_main_quantum_stack,test,target_loss,0.7122448086738586
MNIST_QNN_zz_r1_d6_s44,ideal_shot,512,0,2026,ibm_kingston,False,full_main_quantum_stack,test,n_records,100.0
MNIST_QNN_zz_r1_d6_s44,ideal_shot,512,0,2026,ibm_kingston,False,full_main_quantum_stack,membership,loss_auc,0.5736
MNIST_QNN_zz_r1_d6_s44,ideal_shot,512,0,2026,ibm_kingston,False,full_main_quantum_stack,membership,entropy_auc,0.5036
MNIST_QNN_zz_r1_d6_s44,ideal_shot,512,0,2026,ibm_kingston,False,full_main_quantum_stack,membership,confidence_auc,0.5049
MNIST_QNN_zz_r1_d6_s44,ideal_shot,512,0,2026,ibm_kingston,False,full_main_quantum_stack,membership,margin_auc,0.5094
MNIST_QNN_zz_r1_d6_s44,ideal_shot,512,0,2026,ibm_kingston,False,full_main_quantum_stack,membership,correctness_auc,0.615
MNIST_QNN_zz_r1_d6_s44,ideal_shot,512,0,2026,ibm_kingston,False,full_main_quantum_stack,membership,max_probability_auc,0.5049
MNIST_QNN_zz_r1_d6_s44,ideal_shot,512,0,2026,ibm_kingston,False,full_main_quantum_stack,target,generalization_gap_accuracy,0.23000001907348633
MNIST_QNN_zz_r1_d6_s44,ideal_shot,512,1,2026,ibm_kingston,False,full_main_quantum_stack,train,target_accuracy,0.949999988079071
MNIST_QNN_zz_r1_d6_s44,ideal_shot,512,1,2026,ibm_kingston,False,full_main_quantum_stack,train,target_loss,0.20787087082862854
MNIST_QNN_zz_r1_d6_s44,ideal_shot,512,1,2026,ibm_kingston,False,full_main_quantum_stack,train,n_records,100.0
MNIST_QNN_zz_r1_d6_s44,ideal_shot,512,1,2026,ibm_kingston,False,full_main_quantum_stack,test,target_accuracy,0.6899999976158142
MNIST_QNN_zz_r1_d6_s44,ideal_shot,512,1,2026,ibm_kingston,False,full_main_quantum_stack,test,target_loss,0.7712811827659607
MNIST_QNN_zz_r1_d6_s44,ideal_shot,512,1,2026,ibm_kingston,False,full_main_quantum_stack,test,n_records,100.0
MNIST_QNN_zz_r1_d6_s44,ideal_shot,512,1,2026,ibm_kingston,False,full_main_quantum_stack,membership,loss_auc,0.5754
MNIST_QNN_zz_r1_d6_s44,ideal_shot,512,1,2026,ibm_kingston,False,full_main_quantum_stack,membership,entropy_auc,0.487
MNIST_QNN_zz_r1_d6_s44,ideal_shot,512,1,2026,ibm_kingston,False,full_main_quantum_stack,membership,confidence_auc,0.491
MNIST_QNN_zz_r1_d6_s44,ideal_shot,512,1,2026,ibm_kingston,False,full_main_quantum_stack,membership,margin_auc,0.4945
MNIST_QNN_zz_r1_d6_s44,ideal_shot,512,1,2026,ibm_kingston,False,full_main_quantum_stack,membership,correctness_auc,0.63
MNIST_QNN_zz_r1_d6_s44,ideal_shot,512,1,2026,ibm_kingston,False,full_main_quantum_stack,membership,max_probability_auc,0.491
MNIST_QNN_zz_r1_d6_s44,ideal_shot,512,1,2026,ibm_kingston,False,full_main_quantum_stack,target,generalization_gap_accuracy,0.25999999046325684
MNIST_QNN_zz_r1_d6_s44,ideal_shot,512,2,2026,ibm_kingston,False,full_main_quantum_stack,train,target_accuracy,0.8999999761581421
MNIST_QNN_zz_r1_d6_s44,ideal_shot,512,2,2026,ibm_kingston,False,full_main_quantum_stack,train,target_loss,0.2326662391424179
MNIST_QNN_zz_r1_d6_s44,ideal_shot,512,2,2026,ibm_kingston,False,full_main_quantum_stack,train,n_records,100.0
MNIST_QNN_zz_r1_d6_s44,ideal_shot,512,2,2026,ibm_kingston,False,full_main_quantum_stack,test,target_accuracy,0.699999988079071
MNIST_QNN_zz_r1_d6_s44,ideal_shot,512,2,2026,ibm_kingston,False,full_main_quantum_stack,test,target_loss,0.734897255897522
MNIST_QNN_zz_r1_d6_s44,ideal_shot,512,2,2026,ibm_kingston,False,full_main_quantum_stack,test,n_records,100.0
MNIST_QNN_zz_r1_d6_s44,ideal_shot,512,2,2026,ibm_kingston,False,full_main_quantum_stack,membership,loss_auc,0.5641
MNIST_QNN_zz_r1_d6_s44,ideal_shot,512,2,2026,ibm_kingston,False,full_main_quantum_stack,membership,entropy_auc,0.4874
MNIST_QNN_zz_r1_d6_s44,ideal_shot,512,2,2026,ibm_kingston,False,full_main_quantum_stack,membership,confidence_auc,0.48829999999999996
MNIST_QNN_zz_r1_d6_s44,ideal_shot,512,2,2026,ibm_kingston,False,full_main_quantum_stack,membership,margin_auc,0.49019999999999997
MNIST_QNN_zz_r1_d6_s44,ideal_shot,512,2,2026,ibm_kingston,False,full_main_quantum_stack,membership,correctness_auc,0.6000000000000001
MNIST_QNN_zz_r1_d6_s44,ideal_shot,512,2,2026,ibm_kingston,False,full_main_quantum_stack,membership,max_probability_auc,0.48829999999999996
MNIST_QNN_zz_r1_d6_s44,ideal_shot,512,2,2026,ibm_kingston,False,full_main_quantum_stack,target,generalization_gap_accuracy,0.19999998807907104
MNIST_QNN_zz_r1_d6_s44,ideal_shot,512,3,2026,ibm_kingston,False,full_main_quantum_stack,train,target_accuracy,0.9200000166893005
MNIST_QNN_zz_r1_d6_s44,ideal_shot,512,3,2026,ibm_kingston,False,full_main_quantum_stack,train,target_loss,0.2190656214952469
MNIST_QNN_zz_r1_d6_s44,ideal_shot,512,3,2026,ibm_kingston,False,full_main_quantum_stack,train,n_records,100.0
MNIST_QNN_zz_r1_d6_s44,ideal_shot,512,3,2026,ibm_kingston,False,full_main_quantum_stack,test,target_accuracy,0.7200000286102295
MNIST_QNN_zz_r1_d6_s44,ideal_shot,512,3,2026,ibm_kingston,False,full_main_quantum_stack,test,target_loss,0.7248889207839966
MNIST_QNN_zz_r1_d6_s44,ideal_shot,512,3,2026,ibm_kingston,False,full_main_quantum_stack,test,n_records,100.0
MNIST_QNN_zz_r1_d6_s44,ideal_shot,512,3,2026,ibm_kingston,False,full_main_quantum_stack,membership,loss_auc,0.5745
MNIST_QNN_zz_r1_d6_s44,ideal_shot,512,3,2026,ibm_kingston,False,full_main_quantum_stack,membership,entropy_auc,0.5006
MNIST_QNN_zz_r1_d6_s44,ideal_shot,512,3,2026,ibm_kingston,False,full_main_quantum_stack,membership,confidence_auc,0.5063
MNIST_QNN_zz_r1_d6_s44,ideal_shot,512,3,2026,ibm_kingston,False,full_main_quantum_stack,membership,margin_auc,0.51
MNIST_QNN_zz_r1_d6_s44,ideal_shot,512,3,2026,ibm_kingston,False,full_main_quantum_stack,membership,correctness_auc,0.6000000000000001
MNIST_QNN_zz_r1_d6_s44,ideal_shot,512,3,2026,ibm_kingston,False,full_main_quantum_stack,membership,max_probability_auc,0.5063
MNIST_QNN_zz_r1_d6_s44,ideal_shot,512,3,2026,ibm_kingston,False,full_main_quantum_stack,target,generalization_gap_accuracy,0.19999998807907104
MNIST_QNN_zz_r1_d6_s44,ideal_shot,512,4,2026,ibm_kingston,False,full_main_quantum_stack,train,target_accuracy,0.9300000071525574
MNIST_QNN_zz_r1_d6_s44,ideal_shot,512,4,2026,ibm_kingston,False,full_main_quantum_stack,train,target_loss,0.21637839078903198
MNIST_QNN_zz_r1_d6_s44,ideal_shot,512,4,2026,ibm_kingston,False,full_main_quantum_stack,train,n_records,100.0
MNIST_QNN_zz_r1_d6_s44,ideal_shot,512,4,2026,ibm_kingston,False,full_main_quantum_stack,test,target_accuracy,0.699999988079071
MNIST_QNN_zz_r1_d6_s44,ideal_shot,512,4,2026,ibm_kingston,False,full_main_quantum_stack,test,target_loss,0.6935599446296692
MNIST_QNN_zz_r1_d6_s44,ideal_shot,512,4,2026,ibm_kingston,False,full_main_quantum_stack,test,n_records,100.0
MNIST_QNN_zz_r1_d6_s44,ideal_shot,512,4,2026,ibm_kingston,False,full_main_quantum_stack,membership,loss_auc,0.5692
MNIST_QNN_zz_r1_d6_s44,ideal_shot,512,4,2026,ibm_kingston,False,full_main_quantum_stack,membership,entropy_auc,0.49060000000000004
MNIST_QNN_zz_r1_d6_s44,ideal_shot,512,4,2026,ibm_kingston,False,full_main_quantum_stack,membership,confidence_auc,0.5016
MNIST_QNN_zz_r1_d6_s44,ideal_shot,512,4,2026,ibm_kingston,False,full_main_quantum_stack,membership,margin_auc,0.5063
MNIST_QNN_zz_r1_d6_s44,ideal_shot,512,4,2026,ibm_kingston,False,full_main_quantum_stack,membership,correctness_auc,0.6150000000000001
MNIST_QNN_zz_r1_d6_s44,ideal_shot,512,4,2026,ibm_kingston,False,full_main_quantum_stack,membership,max_probability_auc,0.5016
MNIST_QNN_zz_r1_d6_s44,ideal_shot,512,4,2026,ibm_kingston,False,full_main_quantum_stack,target,generalization_gap_accuracy,0.23000001907348633
MNIST_QNN_zz_r1_d6_s44,ideal_shot,512,5,2026,ibm_kingston,False,full_main_quantum_stack,train,target_accuracy,0.9200000166893005
MNIST_QNN_zz_r1_d6_s44,ideal_shot,512,5,2026,ibm_kingston,False,full_main_quantum_stack,train,target_loss,0.23876333236694336
MNIST_QNN_zz_r1_d6_s44,ideal_shot,512,5,2026,ibm_kingston,False,full_main_quantum_stack,train,n_records,100.0
MNIST_QNN_zz_r1_d6_s44,ideal_shot,512,5,2026,ibm_kingston,False,full_main_quantum_stack,test,target_accuracy,0.6899999976158142
MNIST_QNN_zz_r1_d6_s44,ideal_shot,512,5,2026,ibm_kingston,False,full_main_quantum_stack,test,target_loss,0.6822254657745361
MNIST_QNN_zz_r1_d6_s44,ideal_shot,512,5,2026,ibm_kingston,False,full_main_quantum_stack,test,n_records,100.0
MNIST_QNN_zz_r1_d6_s44,ideal_shot,512,5,2026,ibm_kingston,False,full_main_quantum_stack,membership,loss_auc,0.5663
MNIST_QNN_zz_r1_d6_s44,ideal_shot,512,5,2026,ibm_kingston,False,full_main_quantum_stack,membership,entropy_auc,0.4984
MNIST_QNN_zz_r1_d6_s44,ideal_shot,512,5,2026,ibm_kingston,False,full_main_quantum_stack,membership,confidence_auc,0.5010000000000001
MNIST_QNN_zz_r1_d6_s44,ideal_shot,512,5,2026,ibm_kingston,False,full_main_quantum_stack,membership,margin_auc,0.5056
MNIST_QNN_zz_r1_d6_s44,ideal_shot,512,5,2026,ibm_kingston,False,full_main_quantum_stack,membership,correctness_auc,0.615
MNIST_QNN_zz_r1_d6_s44,ideal_shot,512,5,2026,ibm_kingston,False,full_main_quantum_stack,membership,max_probability_auc,0.5010000000000001
MNIST_QNN_zz_r1_d6_s44,ideal_shot,512,5,2026,ibm_kingston,False,full_main_quantum_stack,target,generalization_gap_accuracy,0.23000001907348633
MNIST_QNN_zz_r1_d6_s44,ideal_shot,512,6,2026,ibm_kingston,False,full_main_quantum_stack,train,target_accuracy,0.9399999976158142
MNIST_QNN_zz_r1_d6_s44,ideal_shot,512,6,2026,ibm_kingston,False,full_main_quantum_stack,train,target_loss,0.21056857705116272
MNIST_QNN_zz_r1_d6_s44,ideal_shot,512,6,2026,ibm_kingston,False,full_main_quantum_stack,train,n_records,100.0
MNIST_QNN_zz_r1_d6_s44,ideal_shot,512,6,2026,ibm_kingston,False,full_main_quantum_stack,test,target_accuracy,0.699999988079071
MNIST_QNN_zz_r1_d6_s44,ideal_shot,512,6,2026,ibm_kingston,False,full_main_quantum_stack,test,target_loss,0.7003194689750671
MNIST_QNN_zz_r1_d6_s44,ideal_shot,512,6,2026,ibm_kingston,False,full_main_quantum_stack,test,n_records,100.0
MNIST_QNN_zz_r1_d6_s44,ideal_shot,512,6,2026,ibm_kingston,False,full_main_quantum_stack,membership,loss_auc,0.5662
MNIST_QNN_zz_r1_d6_s44,ideal_shot,512,6,2026,ibm_kingston,False,full_main_quantum_stack,membership,entropy_auc,0.4919
MNIST_QNN_zz_r1_d6_s44,ideal_shot,512,6,2026,ibm_kingston,False,full_main_quantum_stack,membership,confidence_auc,0.4904
MNIST_QNN_zz_r1_d6_s44,ideal_shot,512,6,2026,ibm_kingston,False,full_main_quantum_stack,membership,margin_auc,0.4954
MNIST_QNN_zz_r1_d6_s44,ideal_shot,512,6,2026,ibm_kingston,False,full_main_quantum_stack,membership,correctness_auc,0.62
MNIST_QNN_zz_r1_d6_s44,ideal_shot,512,6,2026,ibm_kingston,False,full_main_quantum_stack,membership,max_probability_auc,0.4904
MNIST_QNN_zz_r1_d6_s44,ideal_shot,512,6,2026,ibm_kingston,False,full_main_quantum_stack,target,generalization_gap_accuracy,0.24000000953674316
MNIST_QNN_zz_r1_d6_s44,ideal_shot,512,7,2026,ibm_kingston,False,full_main_quantum_stack,train,target_accuracy,0.9200000166893005
MNIST_QNN_zz_r1_d6_s44,ideal_shot,512,7,2026,ibm_kingston,False,full_main_quantum_stack,train,target_loss,0.24089358747005463
MNIST_QNN_zz_r1_d6_s44,ideal_shot,512,7,2026,ibm_kingston,False,full_main_quantum_stack,train,n_records,100.0
MNIST_QNN_zz_r1_d6_s44,ideal_shot,512,7,2026,ibm_kingston,False,full_main_quantum_stack,test,target_accuracy,0.7099999785423279
MNIST_QNN_zz_r1_d6_s44,ideal_shot,512,7,2026,ibm_kingston,False,full_main_quantum_stack,test,target_loss,0.7043206095695496
MNIST_QNN_zz_r1_d6_s44,ideal_shot,512,7,2026,ibm_kingston,False,full_main_quantum_stack,test,n_records,100.0
MNIST_QNN_zz_r1_d6_s44,ideal_shot,512,7,2026,ibm_kingston,False,full_main_quantum_stack,membership,loss_auc,0.5541999999999999
MNIST_QNN_zz_r1_d6_s44,ideal_shot,512,7,2026,ibm_kingston,False,full_main_quantum_stack,membership,entropy_auc,0.47789999999999994
MNIST_QNN_zz_r1_d6_s44,ideal_shot,512,7,2026,ibm_kingston,False,full_main_quantum_stack,membership,confidence_auc,0.4782
MNIST_QNN_zz_r1_d6_s44,ideal_shot,512,7,2026,ibm_kingston,False,full_main_quantum_stack,membership,margin_auc,0.4829
MNIST_QNN_zz_r1_d6_s44,ideal_shot,512,7,2026,ibm_kingston,False,full_main_quantum_stack,membership,correctness_auc,0.605
MNIST_QNN_zz_r1_d6_s44,ideal_shot,512,7,2026,ibm_kingston,False,full_main_quantum_stack,membership,max_probability_auc,0.4782
MNIST_QNN_zz_r1_d6_s44,ideal_shot,512,7,2026,ibm_kingston,False,full_main_quantum_stack,target,generalization_gap_accuracy,0.21000003814697266
MNIST_QNN_zz_r1_d6_s44,ideal_shot,512,8,2026,ibm_kingston,False,full_main_quantum_stack,train,target_accuracy,0.9300000071525574
MNIST_QNN_zz_r1_d6_s44,ideal_shot,512,8,2026,ibm_kingston,False,full_main_quantum_stack,train,target_loss,0.22154933214187622
MNIST_QNN_zz_r1_d6_s44,ideal_shot,512,8,2026,ibm_kingston,False,full_main_quantum_stack,train,n_records,100.0
MNIST_QNN_zz_r1_d6_s44,ideal_shot,512,8,2026,ibm_kingston,False,full_main_quantum_stack,test,target_accuracy,0.7300000190734863
MNIST_QNN_zz_r1_d6_s44,ideal_shot,512,8,2026,ibm_kingston,False,full_main_quantum_stack,test,target_loss,0.695351243019104
MNIST_QNN_zz_r1_d6_s44,ideal_shot,512,8,2026,ibm_kingston,False,full_main_quantum_stack,test,n_records,100.0
MNIST_QNN_zz_r1_d6_s44,ideal_shot,512,8,2026,ibm_kingston,False,full_main_quantum_stack,membership,loss_auc,0.5789
MNIST_QNN_zz_r1_d6_s44,ideal_shot,512,8,2026,ibm_kingston,False,full_main_quantum_stack,membership,entropy_auc,0.5052
MNIST_QNN_zz_r1_d6_s44,ideal_shot,512,8,2026,ibm_kingston,False,full_main_quantum_stack,membership,confidence_auc,0.5089
MNIST_QNN_zz_r1_d6_s44,ideal_shot,512,8,2026,ibm_kingston,False,full_main_quantum_stack,membership,margin_auc,0.5126
MNIST_QNN_zz_r1_d6_s44,ideal_shot,512,8,2026,ibm_kingston,False,full_main_quantum_stack,membership,correctness_auc,0.6000000000000001
MNIST_QNN_zz_r1_d6_s44,ideal_shot,512,8,2026,ibm_kingston,False,full_main_quantum_stack,membership,max_probability_auc,0.5089
MNIST_QNN_zz_r1_d6_s44,ideal_shot,512,8,2026,ibm_kingston,False,full_main_quantum_stack,target,generalization_gap_accuracy,0.19999998807907104
MNIST_QNN_zz_r1_d6_s44,ideal_shot,512,9,2026,ibm_kingston,False,full_main_quantum_stack,train,target_accuracy,0.8899999856948853
MNIST_QNN_zz_r1_d6_s44,ideal_shot,512,9,2026,ibm_kingston,False,full_main_quantum_stack,train,target_loss,0.22972625494003296
MNIST_QNN_zz_r1_d6_s44,ideal_shot,512,9,2026,ibm_kingston,False,full_main_quantum_stack,train,n_records,100.0
MNIST_QNN_zz_r1_d6_s44,ideal_shot,512,9,2026,ibm_kingston,False,full_main_quantum_stack,test,target_accuracy,0.7099999785423279
MNIST_QNN_zz_r1_d6_s44,ideal_shot,512,9,2026,ibm_kingston,False,full_main_quantum_stack,test,target_loss,0.6879259347915649
MNIST_QNN_zz_r1_d6_s44,ideal_shot,512,9,2026,ibm_kingston,False,full_main_quantum_stack,test,n_records,100.0
MNIST_QNN_zz_r1_d6_s44,ideal_shot,512,9,2026,ibm_kingston,False,full_main_quantum_stack,membership,loss_auc,0.5663
MNIST_QNN_zz_r1_d6_s44,ideal_shot,512,9,2026,ibm_kingston,False,full_main_quantum_stack,membership,entropy_auc,0.49219999999999997
MNIST_QNN_zz_r1_d6_s44,ideal_shot,512,9,2026,ibm_kingston,False,full_main_quantum_stack,membership,confidence_auc,0.49899999999999994
MNIST_QNN_zz_r1_d6_s44,ideal_shot,512,9,2026,ibm_kingston,False,full_main_quantum_stack,membership,margin_auc,0.4997
MNIST_QNN_zz_r1_d6_s44,ideal_shot,512,9,2026,ibm_kingston,False,full_main_quantum_stack,membership,correctness_auc,0.5900000000000001
MNIST_QNN_zz_r1_d6_s44,ideal_shot,512,9,2026,ibm_kingston,False,full_main_quantum_stack,membership,max_probability_auc,0.49899999999999994
MNIST_QNN_zz_r1_d6_s44,ideal_shot,512,9,2026,ibm_kingston,False,full_main_quantum_stack,target,generalization_gap_accuracy,0.18000000715255737
MNIST_QNN_zz_r1_d6_s44,ideal_shot,1024,0,2026,ibm_kingston,False,full_main_quantum_stack,train,target_accuracy,0.949999988079071
MNIST_QNN_zz_r1_d6_s44,ideal_shot,1024,0,2026,ibm_kingston,False,full_main_quantum_stack,train,target_loss,0.21182575821876526
MNIST_QNN_zz_r1_d6_s44,ideal_shot,1024,0,2026,ibm_kingston,False,full_main_quantum_stack,train,n_records,100.0
MNIST_QNN_zz_r1_d6_s44,ideal_shot,1024,0,2026,ibm_kingston,False,full_main_quantum_stack,test,target_accuracy,0.699999988079071
MNIST_QNN_zz_r1_d6_s44,ideal_shot,1024,0,2026,ibm_kingston,False,full_main_quantum_stack,test,target_loss,0.7143480181694031
MNIST_QNN_zz_r1_d6_s44,ideal_shot,1024,0,2026,ibm_kingston,False,full_main_quantum_stack,test,n_records,100.0
MNIST_QNN_zz_r1_d6_s44,ideal_shot,1024,0,2026,ibm_kingston,False,full_main_quantum_stack,membership,loss_auc,0.5715
MNIST_QNN_zz_r1_d6_s44,ideal_shot,1024,0,2026,ibm_kingston,False,full_main_quantum_stack,membership,entropy_auc,0.49989999999999996
MNIST_QNN_zz_r1_d6_s44,ideal_shot,1024,0,2026,ibm_kingston,False,full_main_quantum_stack,membership,confidence_auc,0.5033
MNIST_QNN_zz_r1_d6_s44,ideal_shot,1024,0,2026,ibm_kingston,False,full_main_quantum_stack,membership,margin_auc,0.5063
MNIST_QNN_zz_r1_d6_s44,ideal_shot,1024,0,2026,ibm_kingston,False,full_main_quantum_stack,membership,correctness_auc,0.625
MNIST_QNN_zz_r1_d6_s44,ideal_shot,1024,0,2026,ibm_kingston,False,full_main_quantum_stack,membership,max_probability_auc,0.5033
MNIST_QNN_zz_r1_d6_s44,ideal_shot,1024,0,2026,ibm_kingston,False,full_main_quantum_stack,target,generalization_gap_accuracy,0.25
MNIST_QNN_zz_r1_d6_s44,ideal_shot,1024,1,2026,ibm_kingston,False,full_main_quantum_stack,train,target_accuracy,0.9200000166893005
MNIST_QNN_zz_r1_d6_s44,ideal_shot,1024,1,2026,ibm_kingston,False,full_main_quantum_stack,train,target_loss,0.2029459923505783
MNIST_QNN_zz_r1_d6_s44,ideal_shot,1024,1,2026,ibm_kingston,False,full_main_quantum_stack,train,n_records,100.0
MNIST_QNN_zz_r1_d6_s44,ideal_shot,1024,1,2026,ibm_kingston,False,full_main_quantum_stack,test,target_accuracy,0.699999988079071
MNIST_QNN_zz_r1_d6_s44,ideal_shot,1024,1,2026,ibm_kingston,False,full_main_quantum_stack,test,target_loss,0.7304486632347107
MNIST_QNN_zz_r1_d6_s44,ideal_shot,1024,1,2026,ibm_kingston,False,full_main_quantum_stack,test,n_records,100.0
MNIST_QNN_zz_r1_d6_s44,ideal_shot,1024,1,2026,ibm_kingston,False,full_main_quantum_stack,membership,loss_auc,0.5814
MNIST_QNN_zz_r1_d6_s44,ideal_shot,1024,1,2026,ibm_kingston,False,full_main_quantum_stack,membership,entropy_auc,0.5027
MNIST_QNN_zz_r1_d6_s44,ideal_shot,1024,1,2026,ibm_kingston,False,full_main_quantum_stack,membership,confidence_auc,0.5052
MNIST_QNN_zz_r1_d6_s44,ideal_shot,1024,1,2026,ibm_kingston,False,full_main_quantum_stack,membership,margin_auc,0.5069
MNIST_QNN_zz_r1_d6_s44,ideal_shot,1024,1,2026,ibm_kingston,False,full_main_quantum_stack,membership,correctness_auc,0.6100000000000001
MNIST_QNN_zz_r1_d6_s44,ideal_shot,1024,1,2026,ibm_kingston,False,full_main_quantum_stack,membership,max_probability_auc,0.5052
MNIST_QNN_zz_r1_d6_s44,ideal_shot,1024,1,2026,ibm_kingston,False,full_main_quantum_stack,target,generalization_gap_accuracy,0.2200000286102295
MNIST_QNN_zz_r1_d6_s44,ideal_shot,1024,2,2026,ibm_kingston,False,full_main_quantum_stack,train,target_accuracy,0.949999988079071
MNIST_QNN_zz_r1_d6_s44,ideal_shot,1024,2,2026,ibm_kingston,False,full_main_quantum_stack,train,target_loss,0.212623730301857
MNIST_QNN_zz_r1_d6_s44,ideal_shot,1024,2,2026,ibm_kingston,False,full_main_quantum_stack,train,n_records,100.0
MNIST_QNN_zz_r1_d6_s44,ideal_shot,1024,2,2026,ibm_kingston,False,full_main_quantum_stack,test,target_accuracy,0.7200000286102295
MNIST_QNN_zz_r1_d6_s44,ideal_shot,1024,2,2026,ibm_kingston,False,full_main_quantum_stack,test,target_loss,0.710761547088623
MNIST_QNN_zz_r1_d6_s44,ideal_shot,1024,2,2026,ibm_kingston,False,full_main_quantum_stack,test,n_records,100.0
MNIST_QNN_zz_r1_d6_s44,ideal_shot,1024,2,2026,ibm_kingston,False,full_main_quantum_stack,membership,loss_auc,0.5668
MNIST_QNN_zz_r1_d6_s44,ideal_shot,1024,2,2026,ibm_kingston,False,full_main_quantum_stack,membership,entropy_auc,0.49319999999999997
MNIST_QNN_zz_r1_d6_s44,ideal_shot,1024,2,2026,ibm_kingston,False,full_main_quantum_stack,membership,confidence_auc,0.4984
MNIST_QNN_zz_r1_d6_s44,ideal_shot,1024,2,2026,ibm_kingston,False,full_main_quantum_stack,membership,margin_auc,0.5005000000000001
MNIST_QNN_zz_r1_d6_s44,ideal_shot,1024,2,2026,ibm_kingston,False,full_main_quantum_stack,membership,correctness_auc,0.615
MNIST_QNN_zz_r1_d6_s44,ideal_shot,1024,2,2026,ibm_kingston,False,full_main_quantum_stack,membership,max_probability_auc,0.4984
MNIST_QNN_zz_r1_d6_s44,ideal_shot,1024,2,2026,ibm_kingston,False,full_main_quantum_stack,target,generalization_gap_accuracy,0.22999995946884155
MNIST_QNN_zz_r1_d6_s44,ideal_shot,1024,3,2026,ibm_kingston,False,full_main_quantum_stack,train,target_accuracy,0.9399999976158142
MNIST_QNN_zz_r1_d6_s44,ideal_shot,1024,3,2026,ibm_kingston,False,full_main_quantum_stack,train,target_loss,0.2131132334470749
MNIST_QNN_zz_r1_d6_s44,ideal_shot,1024,3,2026,ibm_kingston,False,full_main_quantum_stack,train,n_records,100.0
MNIST_QNN_zz_r1_d6_s44,ideal_shot,1024,3,2026,ibm_kingston,False,full_main_quantum_stack,test,target_accuracy,0.7099999785423279
MNIST_QNN_zz_r1_d6_s44,ideal_shot,1024,3,2026,ibm_kingston,False,full_main_quantum_stack,test,target_loss,0.7132307291030884
MNIST_QNN_zz_r1_d6_s44,ideal_shot,1024,3,2026,ibm_kingston,False,full_main_quantum_stack,test,n_records,100.0
MNIST_QNN_zz_r1_d6_s44,ideal_shot,1024,3,2026,ibm_kingston,False,full_main_quantum_stack,membership,loss_auc,0.5751
MNIST_QNN_zz_r1_d6_s44,ideal_shot,1024,3,2026,ibm_kingston,False,full_main_quantum_stack,membership,entropy_auc,0.4995
MNIST_QNN_zz_r1_d6_s44,ideal_shot,1024,3,2026,ibm_kingston,False,full_main_quantum_stack,membership,confidence_auc,0.501
MNIST_QNN_zz_r1_d6_s44,ideal_shot,1024,3,2026,ibm_kingston,False,full_main_quantum_stack,membership,margin_auc,0.5026
MNIST_QNN_zz_r1_d6_s44,ideal_shot,1024,3,2026,ibm_kingston,False,full_main_quantum_stack,membership,correctness_auc,0.615
MNIST_QNN_zz_r1_d6_s44,ideal_shot,1024,3,2026,ibm_kingston,False,full_main_quantum_stack,membership,max_probability_auc,0.501
MNIST_QNN_zz_r1_d6_s44,ideal_shot,1024,3,2026,ibm_kingston,False,full_main_quantum_stack,target,generalization_gap_accuracy,0.23000001907348633
MNIST_QNN_zz_r1_d6_s44,ideal_shot,1024,4,2026,ibm_kingston,False,full_main_quantum_stack,train,target_accuracy,0.9200000166893005
MNIST_QNN_zz_r1_d6_s44,ideal_shot,1024,4,2026,ibm_kingston,False,full_main_quantum_stack,train,target_loss,0.20989160239696503
MNIST_QNN_zz_r1_d6_s44,ideal_shot,1024,4,2026,ibm_kingston,False,full_main_quantum_stack,train,n_records,100.0
MNIST_QNN_zz_r1_d6_s44,ideal_shot,1024,4,2026,ibm_kingston,False,full_main_quantum_stack,test,target_accuracy,0.7200000286102295
MNIST_QNN_zz_r1_d6_s44,ideal_shot,1024,4,2026,ibm_kingston,False,full_main_quantum_stack,test,target_loss,0.6757866740226746
MNIST_QNN_zz_r1_d6_s44,ideal_shot,1024,4,2026,ibm_kingston,False,full_main_quantum_stack,test,n_records,100.0
MNIST_QNN_zz_r1_d6_s44,ideal_shot,1024,4,2026,ibm_kingston,False,full_main_quantum_stack,membership,loss_auc,0.5744
MNIST_QNN_zz_r1_d6_s44,ideal_shot,1024,4,2026,ibm_kingston,False,full_main_quantum_stack,membership,entropy_auc,0.505
MNIST_QNN_zz_r1_d6_s44,ideal_shot,1024,4,2026,ibm_kingston,False,full_main_quantum_stack,membership,confidence_auc,0.5095999999999999
MNIST_QNN_zz_r1_d6_s44,ideal_shot,1024,4,2026,ibm_kingston,False,full_main_quantum_stack,membership,margin_auc,0.5151
MNIST_QNN_zz_r1_d6_s44,ideal_shot,1024,4,2026,ibm_kingston,False,full_main_quantum_stack,membership,correctness_auc,0.6000000000000001
MNIST_QNN_zz_r1_d6_s44,ideal_shot,1024,4,2026,ibm_kingston,False,full_main_quantum_stack,membership,max_probability_auc,0.5095999999999999
MNIST_QNN_zz_r1_d6_s44,ideal_shot,1024,4,2026,ibm_kingston,False,full_main_quantum_stack,target,generalization_gap_accuracy,0.19999998807907104
MNIST_QNN_zz_r1_d6_s44,ideal_shot,1024,5,2026,ibm_kingston,False,full_main_quantum_stack,train,target_accuracy,0.9100000262260437
MNIST_QNN_zz_r1_d6_s44,ideal_shot,1024,5,2026,ibm_kingston,False,full_main_quantum_stack,train,target_loss,0.23409610986709595
MNIST_QNN_zz_r1_d6_s44,ideal_shot,1024,5,2026,ibm_kingston,False,full_main_quantum_stack,train,n_records,100.0
MNIST_QNN_zz_r1_d6_s44,ideal_shot,1024,5,2026,ibm_kingston,False,full_main_quantum_stack,test,target_accuracy,0.7099999785423279
MNIST_QNN_zz_r1_d6_s44,ideal_shot,1024,5,2026,ibm_kingston,False,full_main_quantum_stack,test,target_loss,0.6970934271812439
MNIST_QNN_zz_r1_d6_s44,ideal_shot,1024,5,2026,ibm_kingston,False,full_main_quantum_stack,test,n_records,100.0
MNIST_QNN_zz_r1_d6_s44,ideal_shot,1024,5,2026,ibm_kingston,False,full_main_quantum_stack,membership,loss_auc,0.5723
MNIST_QNN_zz_r1_d6_s44,ideal_shot,1024,5,2026,ibm_kingston,False,full_main_quantum_stack,membership,entropy_auc,0.5012
MNIST_QNN_zz_r1_d6_s44,ideal_shot,1024,5,2026,ibm_kingston,False,full_main_quantum_stack,membership,confidence_auc,0.5039
MNIST_QNN_zz_r1_d6_s44,ideal_shot,1024,5,2026,ibm_kingston,False,full_main_quantum_stack,membership,margin_auc,0.5083
MNIST_QNN_zz_r1_d6_s44,ideal_shot,1024,5,2026,ibm_kingston,False,full_main_quantum_stack,membership,correctness_auc,0.6000000000000001
MNIST_QNN_zz_r1_d6_s44,ideal_shot,1024,5,2026,ibm_kingston,False,full_main_quantum_stack,membership,max_probability_auc,0.5039
MNIST_QNN_zz_r1_d6_s44,ideal_shot,1024,5,2026,ibm_kingston,False,full_main_quantum_stack,target,generalization_gap_accuracy,0.20000004768371582
MNIST_QNN_zz_r1_d6_s44,ideal_shot,1024,6,2026,ibm_kingston,False,full_main_quantum_stack,train,target_accuracy,0.9599999785423279
MNIST_QNN_zz_r1_d6_s44,ideal_shot,1024,6,2026,ibm_kingston,False,full_main_quantum_stack,train,target_loss,0.2131340056657791
MNIST_QNN_zz_r1_d6_s44,ideal_shot,1024,6,2026,ibm_kingston,False,full_main_quantum_stack,train,n_records,100.0
MNIST_QNN_zz_r1_d6_s44,ideal_shot,1024,6,2026,ibm_kingston,False,full_main_quantum_stack,test,target_accuracy,0.7099999785423279
MNIST_QNN_zz_r1_d6_s44,ideal_shot,1024,6,2026,ibm_kingston,False,full_main_quantum_stack,test,target_loss,0.7211275696754456
MNIST_QNN_zz_r1_d6_s44,ideal_shot,1024,6,2026,ibm_kingston,False,full_main_quantum_stack,test,n_records,100.0
MNIST_QNN_zz_r1_d6_s44,ideal_shot,1024,6,2026,ibm_kingston,False,full_main_quantum_stack,membership,loss_auc,0.5686
MNIST_QNN_zz_r1_d6_s44,ideal_shot,1024,6,2026,ibm_kingston,False,full_main_quantum_stack,membership,entropy_auc,0.4896
MNIST_QNN_zz_r1_d6_s44,ideal_shot,1024,6,2026,ibm_kingston,False,full_main_quantum_stack,membership,confidence_auc,0.4907
MNIST_QNN_zz_r1_d6_s44,ideal_shot,1024,6,2026,ibm_kingston,False,full_main_quantum_stack,membership,margin_auc,0.4942
MNIST_QNN_zz_r1_d6_s44,ideal_shot,1024,6,2026,ibm_kingston,False,full_main_quantum_stack,membership,correctness_auc,0.625
MNIST_QNN_zz_r1_d6_s44,ideal_shot,1024,6,2026,ibm_kingston,False,full_main_quantum_stack,membership,max_probability_auc,0.4907
MNIST_QNN_zz_r1_d6_s44,ideal_shot,1024,6,2026,ibm_kingston,False,full_main_quantum_stack,target,generalization_gap_accuracy,0.25
MNIST_QNN_zz_r1_d6_s44,ideal_shot,1024,7,2026,ibm_kingston,False,full_main_quantum_stack,train,target_accuracy,0.9300000071525574
MNIST_QNN_zz_r1_d6_s44,ideal_shot,1024,7,2026,ibm_kingston,False,full_main_quantum_stack,train,target_loss,0.22250793874263763
MNIST_QNN_zz_r1_d6_s44,ideal_shot,1024,7,2026,ibm_kingston,False,full_main_quantum_stack,train,n_records,100.0
MNIST_QNN_zz_r1_d6_s44,ideal_shot,1024,7,2026,ibm_kingston,False,full_main_quantum_stack,test,target_accuracy,0.7099999785423279
MNIST_QNN_zz_r1_d6_s44,ideal_shot,1024,7,2026,ibm_kingston,False,full_main_quantum_stack,test,target_loss,0.6874153017997742
MNIST_QNN_zz_r1_d6_s44,ideal_shot,1024,7,2026,ibm_kingston,False,full_main_quantum_stack,test,n_records,100.0
MNIST_QNN_zz_r1_d6_s44,ideal_shot,1024,7,2026,ibm_kingston,False,full_main_quantum_stack,membership,loss_auc,0.5623
MNIST_QNN_zz_r1_d6_s44,ideal_shot,1024,7,2026,ibm_kingston,False,full_main_quantum_stack,membership,entropy_auc,0.4916
MNIST_QNN_zz_r1_d6_s44,ideal_shot,1024,7,2026,ibm_kingston,False,full_main_quantum_stack,membership,confidence_auc,0.4949
MNIST_QNN_zz_r1_d6_s44,ideal_shot,1024,7,2026,ibm_kingston,False,full_main_quantum_stack,membership,margin_auc,0.4976
MNIST_QNN_zz_r1_d6_s44,ideal_shot,1024,7,2026,ibm_kingston,False,full_main_quantum_stack,membership,correctness_auc,0.6100000000000001
MNIST_QNN_zz_r1_d6_s44,ideal_shot,1024,7,2026,ibm_kingston,False,full_main_quantum_stack,membership,max_probability_auc,0.4949
MNIST_QNN_zz_r1_d6_s44,ideal_shot,1024,7,2026,ibm_kingston,False,full_main_quantum_stack,target,generalization_gap_accuracy,0.2200000286102295
MNIST_QNN_zz_r1_d6_s44,ideal_shot,1024,8,2026,ibm_kingston,False,full_main_quantum_stack,train,target_accuracy,0.949999988079071
MNIST_QNN_zz_r1_d6_s44,ideal_shot,1024,8,2026,ibm_kingston,False,full_main_quantum_stack,train,target_loss,0.21530942618846893
MNIST_QNN_zz_r1_d6_s44,ideal_shot,1024,8,2026,ibm_kingston,False,full_main_quantum_stack,train,n_records,100.0
MNIST_QNN_zz_r1_d6_s44,ideal_shot,1024,8,2026,ibm_kingston,False,full_main_quantum_stack,test,target_accuracy,0.699999988079071
MNIST_QNN_zz_r1_d6_s44,ideal_shot,1024,8,2026,ibm_kingston,False,full_main_quantum_stack,test,target_loss,0.6846230030059814
MNIST_QNN_zz_r1_d6_s44,ideal_shot,1024,8,2026,ibm_kingston,False,full_main_quantum_stack,test,n_records,100.0
MNIST_QNN_zz_r1_d6_s44,ideal_shot,1024,8,2026,ibm_kingston,False,full_main_quantum_stack,membership,loss_auc,0.5734
MNIST_QNN_zz_r1_d6_s44,ideal_shot,1024,8,2026,ibm_kingston,False,full_main_quantum_stack,membership,entropy_auc,0.49960000000000004
MNIST_QNN_zz_r1_d6_s44,ideal_shot,1024,8,2026,ibm_kingston,False,full_main_quantum_stack,membership,confidence_auc,0.5038
MNIST_QNN_zz_r1_d6_s44,ideal_shot,1024,8,2026,ibm_kingston,False,full_main_quantum_stack,membership,margin_auc,0.5084
MNIST_QNN_zz_r1_d6_s44,ideal_shot,1024,8,2026,ibm_kingston,False,full_main_quantum_stack,membership,correctness_auc,0.625
MNIST_QNN_zz_r1_d6_s44,ideal_shot,1024,8,2026,ibm_kingston,False,full_main_quantum_stack,membership,max_probability_auc,0.5038
MNIST_QNN_zz_r1_d6_s44,ideal_shot,1024,8,2026,ibm_kingston,False,full_main_quantum_stack,target,generalization_gap_accuracy,0.25
MNIST_QNN_zz_r1_d6_s44,ideal_shot,1024,9,2026,ibm_kingston,False,full_main_quantum_stack,train,target_accuracy,0.9300000071525574
MNIST_QNN_zz_r1_d6_s44,ideal_shot,1024,9,2026,ibm_kingston,False,full_main_quantum_stack,train,target_loss,0.20859657227993011
MNIST_QNN_zz_r1_d6_s44,ideal_shot,1024,9,2026,ibm_kingston,False,full_main_quantum_stack,train,n_records,100.0
MNIST_QNN_zz_r1_d6_s44,ideal_shot,1024,9,2026,ibm_kingston,False,full_main_quantum_stack,test,target_accuracy,0.7300000190734863
MNIST_QNN_zz_r1_d6_s44,ideal_shot,1024,9,2026,ibm_kingston,False,full_main_quantum_stack,test,target_loss,0.6851511597633362
MNIST_QNN_zz_r1_d6_s44,ideal_shot,1024,9,2026,ibm_kingston,False,full_main_quantum_stack,test,n_records,100.0
MNIST_QNN_zz_r1_d6_s44,ideal_shot,1024,9,2026,ibm_kingston,False,full_main_quantum_stack,membership,loss_auc,0.5760000000000001
MNIST_QNN_zz_r1_d6_s44,ideal_shot,1024,9,2026,ibm_kingston,False,full_main_quantum_stack,membership,entropy_auc,0.5077
MNIST_QNN_zz_r1_d6_s44,ideal_shot,1024,9,2026,ibm_kingston,False,full_main_quantum_stack,membership,confidence_auc,0.5099
MNIST_QNN_zz_r1_d6_s44,ideal_shot,1024,9,2026,ibm_kingston,False,full_main_quantum_stack,membership,margin_auc,0.5115
MNIST_QNN_zz_r1_d6_s44,ideal_shot,1024,9,2026,ibm_kingston,False,full_main_quantum_stack,membership,correctness_auc,0.6000000000000001
MNIST_QNN_zz_r1_d6_s44,ideal_shot,1024,9,2026,ibm_kingston,False,full_main_quantum_stack,membership,max_probability_auc,0.5099
MNIST_QNN_zz_r1_d6_s44,ideal_shot,1024,9,2026,ibm_kingston,False,full_main_quantum_stack,target,generalization_gap_accuracy,0.19999998807907104
MNIST_QNN_zz_r1_d6_s44,noisy_shot,128,0,2026,ibm_kingston,True,full_main_quantum_stack,train,target_accuracy,0.8600000143051147
MNIST_QNN_zz_r1_d6_s44,noisy_shot,128,0,2026,ibm_kingston,True,full_main_quantum_stack,train,target_loss,0.36602628231048584
MNIST_QNN_zz_r1_d6_s44,noisy_shot,128,0,2026,ibm_kingston,True,full_main_quantum_stack,train,n_records,100.0
MNIST_QNN_zz_r1_d6_s44,noisy_shot,128,0,2026,ibm_kingston,True,full_main_quantum_stack,test,target_accuracy,0.6800000071525574
MNIST_QNN_zz_r1_d6_s44,noisy_shot,128,0,2026,ibm_kingston,True,full_main_quantum_stack,test,target_loss,0.7744090557098389
MNIST_QNN_zz_r1_d6_s44,noisy_shot,128,0,2026,ibm_kingston,True,full_main_quantum_stack,test,n_records,100.0
MNIST_QNN_zz_r1_d6_s44,noisy_shot,128,0,2026,ibm_kingston,True,full_main_quantum_stack,membership,loss_auc,0.5904999999999999
MNIST_QNN_zz_r1_d6_s44,noisy_shot,128,0,2026,ibm_kingston,True,full_main_quantum_stack,membership,entropy_auc,0.5106999999999999
MNIST_QNN_zz_r1_d6_s44,noisy_shot,128,0,2026,ibm_kingston,True,full_main_quantum_stack,membership,confidence_auc,0.5119
MNIST_QNN_zz_r1_d6_s44,noisy_shot,128,0,2026,ibm_kingston,True,full_main_quantum_stack,membership,margin_auc,0.5153999999999999
MNIST_QNN_zz_r1_d6_s44,noisy_shot,128,0,2026,ibm_kingston,True,full_main_quantum_stack,membership,correctness_auc,0.5899999999999999
MNIST_QNN_zz_r1_d6_s44,noisy_shot,128,0,2026,ibm_kingston,True,full_main_quantum_stack,membership,max_probability_auc,0.5119
MNIST_QNN_zz_r1_d6_s44,noisy_shot,128,0,2026,ibm_kingston,True,full_main_quantum_stack,target,generalization_gap_accuracy,0.18000000715255737
MNIST_QNN_zz_r1_d6_s44,noisy_shot,128,1,2026,ibm_kingston,True,full_main_quantum_stack,train,target_accuracy,0.8600000143051147
MNIST_QNN_zz_r1_d6_s44,noisy_shot,128,1,2026,ibm_kingston,True,full_main_quantum_stack,train,target_loss,0.39476609230041504
MNIST_QNN_zz_r1_d6_s44,noisy_shot,128,1,2026,ibm_kingston,True,full_main_quantum_stack,train,n_records,100.0
MNIST_QNN_zz_r1_d6_s44,noisy_shot,128,1,2026,ibm_kingston,True,full_main_quantum_stack,test,target_accuracy,0.6200000047683716
MNIST_QNN_zz_r1_d6_s44,noisy_shot,128,1,2026,ibm_kingston,True,full_main_quantum_stack,test,target_loss,0.8348868489265442
MNIST_QNN_zz_r1_d6_s44,noisy_shot,128,1,2026,ibm_kingston,True,full_main_quantum_stack,test,n_records,100.0
MNIST_QNN_zz_r1_d6_s44,noisy_shot,128,1,2026,ibm_kingston,True,full_main_quantum_stack,membership,loss_auc,0.6078
MNIST_QNN_zz_r1_d6_s44,noisy_shot,128,1,2026,ibm_kingston,True,full_main_quantum_stack,membership,entropy_auc,0.5008
MNIST_QNN_zz_r1_d6_s44,noisy_shot,128,1,2026,ibm_kingston,True,full_main_quantum_stack,membership,confidence_auc,0.5092
MNIST_QNN_zz_r1_d6_s44,noisy_shot,128,1,2026,ibm_kingston,True,full_main_quantum_stack,membership,margin_auc,0.5097
MNIST_QNN_zz_r1_d6_s44,noisy_shot,128,1,2026,ibm_kingston,True,full_main_quantum_stack,membership,correctness_auc,0.62
MNIST_QNN_zz_r1_d6_s44,noisy_shot,128,1,2026,ibm_kingston,True,full_main_quantum_stack,membership,max_probability_auc,0.5092
MNIST_QNN_zz_r1_d6_s44,noisy_shot,128,1,2026,ibm_kingston,True,full_main_quantum_stack,target,generalization_gap_accuracy,0.24000000953674316
MNIST_QNN_zz_r1_d6_s44,noisy_shot,128,2,2026,ibm_kingston,True,full_main_quantum_stack,train,target_accuracy,0.8700000047683716
MNIST_QNN_zz_r1_d6_s44,noisy_shot,128,2,2026,ibm_kingston,True,full_main_quantum_stack,train,target_loss,0.40024542808532715
MNIST_QNN_zz_r1_d6_s44,noisy_shot,128,2,2026,ibm_kingston,True,full_main_quantum_stack,train,n_records,100.0
MNIST_QNN_zz_r1_d6_s44,noisy_shot,128,2,2026,ibm_kingston,True,full_main_quantum_stack,test,target_accuracy,0.6899999976158142
MNIST_QNN_zz_r1_d6_s44,noisy_shot,128,2,2026,ibm_kingston,True,full_main_quantum_stack,test,target_loss,0.6387972831726074
MNIST_QNN_zz_r1_d6_s44,noisy_shot,128,2,2026,ibm_kingston,True,full_main_quantum_stack,test,n_records,100.0
MNIST_QNN_zz_r1_d6_s44,noisy_shot,128,2,2026,ibm_kingston,True,full_main_quantum_stack,membership,loss_auc,0.5344
MNIST_QNN_zz_r1_d6_s44,noisy_shot,128,2,2026,ibm_kingston,True,full_main_quantum_stack,membership,entropy_auc,0.4610000000000001
MNIST_QNN_zz_r1_d6_s44,noisy_shot,128,2,2026,ibm_kingston,True,full_main_quantum_stack,membership,confidence_auc,0.4694
MNIST_QNN_zz_r1_d6_s44,noisy_shot,128,2,2026,ibm_kingston,True,full_main_quantum_stack,membership,margin_auc,0.46890000000000004
MNIST_QNN_zz_r1_d6_s44,noisy_shot,128,2,2026,ibm_kingston,True,full_main_quantum_stack,membership,correctness_auc,0.5900000000000001
MNIST_QNN_zz_r1_d6_s44,noisy_shot,128,2,2026,ibm_kingston,True,full_main_quantum_stack,membership,max_probability_auc,0.4694
MNIST_QNN_zz_r1_d6_s44,noisy_shot,128,2,2026,ibm_kingston,True,full_main_quantum_stack,target,generalization_gap_accuracy,0.18000000715255737
MNIST_QNN_zz_r1_d6_s44,noisy_shot,128,3,2026,ibm_kingston,True,full_main_quantum_stack,train,target_accuracy,0.9100000262260437
MNIST_QNN_zz_r1_d6_s44,noisy_shot,128,3,2026,ibm_kingston,True,full_main_quantum_stack,train,target_loss,0.3507075905799866
MNIST_QNN_zz_r1_d6_s44,noisy_shot,128,3,2026,ibm_kingston,True,full_main_quantum_stack,train,n_records,100.0
MNIST_QNN_zz_r1_d6_s44,noisy_shot,128,3,2026,ibm_kingston,True,full_main_quantum_stack,test,target_accuracy,0.699999988079071
MNIST_QNN_zz_r1_d6_s44,noisy_shot,128,3,2026,ibm_kingston,True,full_main_quantum_stack,test,target_loss,0.7401158809661865
MNIST_QNN_zz_r1_d6_s44,noisy_shot,128,3,2026,ibm_kingston,True,full_main_quantum_stack,test,n_records,100.0
MNIST_QNN_zz_r1_d6_s44,noisy_shot,128,3,2026,ibm_kingston,True,full_main_quantum_stack,membership,loss_auc,0.5624
MNIST_QNN_zz_r1_d6_s44,noisy_shot,128,3,2026,ibm_kingston,True,full_main_quantum_stack,membership,entropy_auc,0.4999
MNIST_QNN_zz_r1_d6_s44,noisy_shot,128,3,2026,ibm_kingston,True,full_main_quantum_stack,membership,confidence_auc,0.502
MNIST_QNN_zz_r1_d6_s44,noisy_shot,128,3,2026,ibm_kingston,True,full_main_quantum_stack,membership,margin_auc,0.5049
MNIST_QNN_zz_r1_d6_s44,noisy_shot,128,3,2026,ibm_kingston,True,full_main_quantum_stack,membership,correctness_auc,0.6050000000000001
MNIST_QNN_zz_r1_d6_s44,noisy_shot,128,3,2026,ibm_kingston,True,full_main_quantum_stack,membership,max_probability_auc,0.502
MNIST_QNN_zz_r1_d6_s44,noisy_shot,128,3,2026,ibm_kingston,True,full_main_quantum_stack,target,generalization_gap_accuracy,0.21000003814697266
MNIST_QNN_zz_r1_d6_s44,noisy_shot,128,4,2026,ibm_kingston,True,full_main_quantum_stack,train,target_accuracy,0.8299999833106995
MNIST_QNN_zz_r1_d6_s44,noisy_shot,128,4,2026,ibm_kingston,True,full_main_quantum_stack,train,target_loss,0.4282984137535095
MNIST_QNN_zz_r1_d6_s44,noisy_shot,128,4,2026,ibm_kingston,True,full_main_quantum_stack,train,n_records,100.0
MNIST_QNN_zz_r1_d6_s44,noisy_shot,128,4,2026,ibm_kingston,True,full_main_quantum_stack,test,target_accuracy,0.6899999976158142
MNIST_QNN_zz_r1_d6_s44,noisy_shot,128,4,2026,ibm_kingston,True,full_main_quantum_stack,test,target_loss,0.8069198727607727
MNIST_QNN_zz_r1_d6_s44,noisy_shot,128,4,2026,ibm_kingston,True,full_main_quantum_stack,test,n_records,100.0
MNIST_QNN_zz_r1_d6_s44,noisy_shot,128,4,2026,ibm_kingston,True,full_main_quantum_stack,membership,loss_auc,0.5457000000000001
MNIST_QNN_zz_r1_d6_s44,noisy_shot,128,4,2026,ibm_kingston,True,full_main_quantum_stack,membership,entropy_auc,0.4681
MNIST_QNN_zz_r1_d6_s44,noisy_shot,128,4,2026,ibm_kingston,True,full_main_quantum_stack,membership,confidence_auc,0.4723
MNIST_QNN_zz_r1_d6_s44,noisy_shot,128,4,2026,ibm_kingston,True,full_main_quantum_stack,membership,margin_auc,0.47750000000000004
MNIST_QNN_zz_r1_d6_s44,noisy_shot,128,4,2026,ibm_kingston,True,full_main_quantum_stack,membership,correctness_auc,0.5700000000000001
MNIST_QNN_zz_r1_d6_s44,noisy_shot,128,4,2026,ibm_kingston,True,full_main_quantum_stack,membership,max_probability_auc,0.4723
MNIST_QNN_zz_r1_d6_s44,noisy_shot,128,4,2026,ibm_kingston,True,full_main_quantum_stack,target,generalization_gap_accuracy,0.13999998569488525
MNIST_QNN_zz_r1_d6_s44,noisy_shot,128,5,2026,ibm_kingston,True,full_main_quantum_stack,train,target_accuracy,0.8799999952316284
MNIST_QNN_zz_r1_d6_s44,noisy_shot,128,5,2026,ibm_kingston,True,full_main_quantum_stack,train,target_loss,0.38723504543304443
MNIST_QNN_zz_r1_d6_s44,noisy_shot,128,5,2026,ibm_kingston,True,full_main_quantum_stack,train,n_records,100.0
MNIST_QNN_zz_r1_d6_s44,noisy_shot,128,5,2026,ibm_kingston,True,full_main_quantum_stack,test,target_accuracy,0.7300000190734863
MNIST_QNN_zz_r1_d6_s44,noisy_shot,128,5,2026,ibm_kingston,True,full_main_quantum_stack,test,target_loss,0.6240480542182922
MNIST_QNN_zz_r1_d6_s44,noisy_shot,128,5,2026,ibm_kingston,True,full_main_quantum_stack,test,n_records,100.0
MNIST_QNN_zz_r1_d6_s44,noisy_shot,128,5,2026,ibm_kingston,True,full_main_quantum_stack,membership,loss_auc,0.5228999999999999
MNIST_QNN_zz_r1_d6_s44,noisy_shot,128,5,2026,ibm_kingston,True,full_main_quantum_stack,membership,entropy_auc,0.4728
MNIST_QNN_zz_r1_d6_s44,noisy_shot,128,5,2026,ibm_kingston,True,full_main_quantum_stack,membership,confidence_auc,0.473
MNIST_QNN_zz_r1_d6_s44,noisy_shot,128,5,2026,ibm_kingston,True,full_main_quantum_stack,membership,margin_auc,0.47820000000000007
MNIST_QNN_zz_r1_d6_s44,noisy_shot,128,5,2026,ibm_kingston,True,full_main_quantum_stack,membership,correctness_auc,0.575
MNIST_QNN_zz_r1_d6_s44,noisy_shot,128,5,2026,ibm_kingston,True,full_main_quantum_stack,membership,max_probability_auc,0.473
MNIST_QNN_zz_r1_d6_s44,noisy_shot,128,5,2026,ibm_kingston,True,full_main_quantum_stack,target,generalization_gap_accuracy,0.1499999761581421
MNIST_QNN_zz_r1_d6_s44,noisy_shot,128,6,2026,ibm_kingston,True,full_main_quantum_stack,train,target_accuracy,0.8399999737739563
MNIST_QNN_zz_r1_d6_s44,noisy_shot,128,6,2026,ibm_kingston,True,full_main_quantum_stack,train,target_loss,0.41134247183799744
MNIST_QNN_zz_r1_d6_s44,noisy_shot,128,6,2026,ibm_kingston,True,full_main_quantum_stack,train,n_records,100.0
MNIST_QNN_zz_r1_d6_s44,noisy_shot,128,6,2026,ibm_kingston,True,full_main_quantum_stack,test,target_accuracy,0.699999988079071
MNIST_QNN_zz_r1_d6_s44,noisy_shot,128,6,2026,ibm_kingston,True,full_main_quantum_stack,test,target_loss,0.6918630003929138
MNIST_QNN_zz_r1_d6_s44,noisy_shot,128,6,2026,ibm_kingston,True,full_main_quantum_stack,test,n_records,100.0
MNIST_QNN_zz_r1_d6_s44,noisy_shot,128,6,2026,ibm_kingston,True,full_main_quantum_stack,membership,loss_auc,0.5436000000000001
MNIST_QNN_zz_r1_d6_s44,noisy_shot,128,6,2026,ibm_kingston,True,full_main_quantum_stack,membership,entropy_auc,0.4878
MNIST_QNN_zz_r1_d6_s44,noisy_shot,128,6,2026,ibm_kingston,True,full_main_quantum_stack,membership,confidence_auc,0.4839
MNIST_QNN_zz_r1_d6_s44,noisy_shot,128,6,2026,ibm_kingston,True,full_main_quantum_stack,membership,margin_auc,0.4868
MNIST_QNN_zz_r1_d6_s44,noisy_shot,128,6,2026,ibm_kingston,True,full_main_quantum_stack,membership,correctness_auc,0.5700000000000001
MNIST_QNN_zz_r1_d6_s44,noisy_shot,128,6,2026,ibm_kingston,True,full_main_quantum_stack,membership,max_probability_auc,0.4839
MNIST_QNN_zz_r1_d6_s44,noisy_shot,128,6,2026,ibm_kingston,True,full_main_quantum_stack,target,generalization_gap_accuracy,0.13999998569488525
MNIST_QNN_zz_r1_d6_s44,noisy_shot,128,7,2026,ibm_kingston,True,full_main_quantum_stack,train,target_accuracy,0.8799999952316284
MNIST_QNN_zz_r1_d6_s44,noisy_shot,128,7,2026,ibm_kingston,True,full_main_quantum_stack,train,target_loss,0.35691070556640625
MNIST_QNN_zz_r1_d6_s44,noisy_shot,128,7,2026,ibm_kingston,True,full_main_quantum_stack,train,n_records,100.0
MNIST_QNN_zz_r1_d6_s44,noisy_shot,128,7,2026,ibm_kingston,True,full_main_quantum_stack,test,target_accuracy,0.7099999785423279
MNIST_QNN_zz_r1_d6_s44,noisy_shot,128,7,2026,ibm_kingston,True,full_main_quantum_stack,test,target_loss,0.7772050499916077
MNIST_QNN_zz_r1_d6_s44,noisy_shot,128,7,2026,ibm_kingston,True,full_main_quantum_stack,test,n_records,100.0
MNIST_QNN_zz_r1_d6_s44,noisy_shot,128,7,2026,ibm_kingston,True,full_main_quantum_stack,membership,loss_auc,0.5905
MNIST_QNN_zz_r1_d6_s44,noisy_shot,128,7,2026,ibm_kingston,True,full_main_quantum_stack,membership,entropy_auc,0.5154000000000001
MNIST_QNN_zz_r1_d6_s44,noisy_shot,128,7,2026,ibm_kingston,True,full_main_quantum_stack,membership,confidence_auc,0.5092
MNIST_QNN_zz_r1_d6_s44,noisy_shot,128,7,2026,ibm_kingston,True,full_main_quantum_stack,membership,margin_auc,0.5077999999999999
MNIST_QNN_zz_r1_d6_s44,noisy_shot,128,7,2026,ibm_kingston,True,full_main_quantum_stack,membership,correctness_auc,0.585
MNIST_QNN_zz_r1_d6_s44,noisy_shot,128,7,2026,ibm_kingston,True,full_main_quantum_stack,membership,max_probability_auc,0.5092
MNIST_QNN_zz_r1_d6_s44,noisy_shot,128,7,2026,ibm_kingston,True,full_main_quantum_stack,target,generalization_gap_accuracy,0.17000001668930054
MNIST_QNN_zz_r1_d6_s44,noisy_shot,128,8,2026,ibm_kingston,True,full_main_quantum_stack,train,target_accuracy,0.7900000214576721
MNIST_QNN_zz_r1_d6_s44,noisy_shot,128,8,2026,ibm_kingston,True,full_main_quantum_stack,train,target_loss,0.4239283800125122
MNIST_QNN_zz_r1_d6_s44,noisy_shot,128,8,2026,ibm_kingston,True,full_main_quantum_stack,train,n_records,100.0
MNIST_QNN_zz_r1_d6_s44,noisy_shot,128,8,2026,ibm_kingston,True,full_main_quantum_stack,test,target_accuracy,0.7200000286102295
MNIST_QNN_zz_r1_d6_s44,noisy_shot,128,8,2026,ibm_kingston,True,full_main_quantum_stack,test,target_loss,0.6600404381752014
MNIST_QNN_zz_r1_d6_s44,noisy_shot,128,8,2026,ibm_kingston,True,full_main_quantum_stack,test,n_records,100.0
MNIST_QNN_zz_r1_d6_s44,noisy_shot,128,8,2026,ibm_kingston,True,full_main_quantum_stack,membership,loss_auc,0.5667
MNIST_QNN_zz_r1_d6_s44,noisy_shot,128,8,2026,ibm_kingston,True,full_main_quantum_stack,membership,entropy_auc,0.535
MNIST_QNN_zz_r1_d6_s44,noisy_shot,128,8,2026,ibm_kingston,True,full_main_quantum_stack,membership,confidence_auc,0.5279
MNIST_QNN_zz_r1_d6_s44,noisy_shot,128,8,2026,ibm_kingston,True,full_main_quantum_stack,membership,margin_auc,0.5289
MNIST_QNN_zz_r1_d6_s44,noisy_shot,128,8,2026,ibm_kingston,True,full_main_quantum_stack,membership,correctness_auc,0.535
MNIST_QNN_zz_r1_d6_s44,noisy_shot,128,8,2026,ibm_kingston,True,full_main_quantum_stack,membership,max_probability_auc,0.5279
MNIST_QNN_zz_r1_d6_s44,noisy_shot,128,8,2026,ibm_kingston,True,full_main_quantum_stack,target,generalization_gap_accuracy,0.06999999284744263
MNIST_QNN_zz_r1_d6_s44,noisy_shot,128,9,2026,ibm_kingston,True,full_main_quantum_stack,train,target_accuracy,0.8600000143051147
MNIST_QNN_zz_r1_d6_s44,noisy_shot,128,9,2026,ibm_kingston,True,full_main_quantum_stack,train,target_loss,0.36864224076271057
MNIST_QNN_zz_r1_d6_s44,noisy_shot,128,9,2026,ibm_kingston,True,full_main_quantum_stack,train,n_records,100.0
MNIST_QNN_zz_r1_d6_s44,noisy_shot,128,9,2026,ibm_kingston,True,full_main_quantum_stack,test,target_accuracy,0.7099999785423279
MNIST_QNN_zz_r1_d6_s44,noisy_shot,128,9,2026,ibm_kingston,True,full_main_quantum_stack,test,target_loss,0.6982852220535278
MNIST_QNN_zz_r1_d6_s44,noisy_shot,128,9,2026,ibm_kingston,True,full_main_quantum_stack,test,n_records,100.0
MNIST_QNN_zz_r1_d6_s44,noisy_shot,128,9,2026,ibm_kingston,True,full_main_quantum_stack,membership,loss_auc,0.5562
MNIST_QNN_zz_r1_d6_s44,noisy_shot,128,9,2026,ibm_kingston,True,full_main_quantum_stack,membership,entropy_auc,0.4749
MNIST_QNN_zz_r1_d6_s44,noisy_shot,128,9,2026,ibm_kingston,True,full_main_quantum_stack,membership,confidence_auc,0.4813
MNIST_QNN_zz_r1_d6_s44,noisy_shot,128,9,2026,ibm_kingston,True,full_main_quantum_stack,membership,margin_auc,0.4849
MNIST_QNN_zz_r1_d6_s44,noisy_shot,128,9,2026,ibm_kingston,True,full_main_quantum_stack,membership,correctness_auc,0.575
MNIST_QNN_zz_r1_d6_s44,noisy_shot,128,9,2026,ibm_kingston,True,full_main_quantum_stack,membership,max_probability_auc,0.4813
MNIST_QNN_zz_r1_d6_s44,noisy_shot,128,9,2026,ibm_kingston,True,full_main_quantum_stack,target,generalization_gap_accuracy,0.15000003576278687
MNIST_QNN_zz_r1_d6_s44,noisy_shot,512,0,2026,ibm_kingston,True,full_main_quantum_stack,train,target_accuracy,0.9399999976158142
MNIST_QNN_zz_r1_d6_s44,noisy_shot,512,0,2026,ibm_kingston,True,full_main_quantum_stack,train,target_loss,0.27845892310142517
MNIST_QNN_zz_r1_d6_s44,noisy_shot,512,0,2026,ibm_kingston,True,full_main_quantum_stack,train,n_records,100.0
MNIST_QNN_zz_r1_d6_s44,noisy_shot,512,0,2026,ibm_kingston,True,full_main_quantum_stack,test,target_accuracy,0.7400000095367432
MNIST_QNN_zz_r1_d6_s44,noisy_shot,512,0,2026,ibm_kingston,True,full_main_quantum_stack,test,target_loss,0.6456944942474365
MNIST_QNN_zz_r1_d6_s44,noisy_shot,512,0,2026,ibm_kingston,True,full_main_quantum_stack,test,n_records,100.0
MNIST_QNN_zz_r1_d6_s44,noisy_shot,512,0,2026,ibm_kingston,True,full_main_quantum_stack,membership,loss_auc,0.5639000000000001
MNIST_QNN_zz_r1_d6_s44,noisy_shot,512,0,2026,ibm_kingston,True,full_main_quantum_stack,membership,entropy_auc,0.49490000000000006
MNIST_QNN_zz_r1_d6_s44,noisy_shot,512,0,2026,ibm_kingston,True,full_main_quantum_stack,membership,confidence_auc,0.49639999999999995
MNIST_QNN_zz_r1_d6_s44,noisy_shot,512,0,2026,ibm_kingston,True,full_main_quantum_stack,membership,margin_auc,0.49989999999999996
MNIST_QNN_zz_r1_d6_s44,noisy_shot,512,0,2026,ibm_kingston,True,full_main_quantum_stack,membership,correctness_auc,0.6
MNIST_QNN_zz_r1_d6_s44,noisy_shot,512,0,2026,ibm_kingston,True,full_main_quantum_stack,membership,max_probability_auc,0.49639999999999995
MNIST_QNN_zz_r1_d6_s44,noisy_shot,512,0,2026,ibm_kingston,True,full_main_quantum_stack,target,generalization_gap_accuracy,0.19999998807907104
MNIST_QNN_zz_r1_d6_s44,noisy_shot,512,1,2026,ibm_kingston,True,full_main_quantum_stack,train,target_accuracy,0.9300000071525574
MNIST_QNN_zz_r1_d6_s44,noisy_shot,512,1,2026,ibm_kingston,True,full_main_quantum_stack,train,target_loss,0.28958314657211304
MNIST_QNN_zz_r1_d6_s44,noisy_shot,512,1,2026,ibm_kingston,True,full_main_quantum_stack,train,n_records,100.0
MNIST_QNN_zz_r1_d6_s44,noisy_shot,512,1,2026,ibm_kingston,True,full_main_quantum_stack,test,target_accuracy,0.7099999785423279
MNIST_QNN_zz_r1_d6_s44,noisy_shot,512,1,2026,ibm_kingston,True,full_main_quantum_stack,test,target_loss,0.6994712352752686
MNIST_QNN_zz_r1_d6_s44,noisy_shot,512,1,2026,ibm_kingston,True,full_main_quantum_stack,test,n_records,100.0
MNIST_QNN_zz_r1_d6_s44,noisy_shot,512,1,2026,ibm_kingston,True,full_main_quantum_stack,membership,loss_auc,0.5751
MNIST_QNN_zz_r1_d6_s44,noisy_shot,512,1,2026,ibm_kingston,True,full_main_quantum_stack,membership,entropy_auc,0.4897
MNIST_QNN_zz_r1_d6_s44,noisy_shot,512,1,2026,ibm_kingston,True,full_main_quantum_stack,membership,confidence_auc,0.4929
MNIST_QNN_zz_r1_d6_s44,noisy_shot,512,1,2026,ibm_kingston,True,full_main_quantum_stack,membership,margin_auc,0.4978
MNIST_QNN_zz_r1_d6_s44,noisy_shot,512,1,2026,ibm_kingston,True,full_main_quantum_stack,membership,correctness_auc,0.6100000000000001
MNIST_QNN_zz_r1_d6_s44,noisy_shot,512,1,2026,ibm_kingston,True,full_main_quantum_stack,membership,max_probability_auc,0.4929
MNIST_QNN_zz_r1_d6_s44,noisy_shot,512,1,2026,ibm_kingston,True,full_main_quantum_stack,target,generalization_gap_accuracy,0.2200000286102295
MNIST_QNN_zz_r1_d6_s44,noisy_shot,512,2,2026,ibm_kingston,True,full_main_quantum_stack,train,target_accuracy,0.8999999761581421
MNIST_QNN_zz_r1_d6_s44,noisy_shot,512,2,2026,ibm_kingston,True,full_main_quantum_stack,train,target_loss,0.2902936339378357
MNIST_QNN_zz_r1_d6_s44,noisy_shot,512,2,2026,ibm_kingston,True,full_main_quantum_stack,train,n_records,100.0
MNIST_QNN_zz_r1_d6_s44,noisy_shot,512,2,2026,ibm_kingston,True,full_main_quantum_stack,test,target_accuracy,0.7300000190734863
MNIST_QNN_zz_r1_d6_s44,noisy_shot,512,2,2026,ibm_kingston,True,full_main_quantum_stack,test,target_loss,0.6567032337188721
MNIST_QNN_zz_r1_d6_s44,noisy_shot,512,2,2026,ibm_kingston,True,full_main_quantum_stack,test,n_records,100.0
MNIST_QNN_zz_r1_d6_s44,noisy_shot,512,2,2026,ibm_kingston,True,full_main_quantum_stack,membership,loss_auc,0.5643
MNIST_QNN_zz_r1_d6_s44,noisy_shot,512,2,2026,ibm_kingston,True,full_main_quantum_stack,membership,entropy_auc,0.4930999999999999
MNIST_QNN_zz_r1_d6_s44,noisy_shot,512,2,2026,ibm_kingston,True,full_main_quantum_stack,membership,confidence_auc,0.4971
MNIST_QNN_zz_r1_d6_s44,noisy_shot,512,2,2026,ibm_kingston,True,full_main_quantum_stack,membership,margin_auc,0.5014000000000001
MNIST_QNN_zz_r1_d6_s44,noisy_shot,512,2,2026,ibm_kingston,True,full_main_quantum_stack,membership,correctness_auc,0.585
MNIST_QNN_zz_r1_d6_s44,noisy_shot,512,2,2026,ibm_kingston,True,full_main_quantum_stack,membership,max_probability_auc,0.4971
MNIST_QNN_zz_r1_d6_s44,noisy_shot,512,2,2026,ibm_kingston,True,full_main_quantum_stack,target,generalization_gap_accuracy,0.16999995708465576
MNIST_QNN_zz_r1_d6_s44,noisy_shot,512,3,2026,ibm_kingston,True,full_main_quantum_stack,train,target_accuracy,0.9100000262260437
MNIST_QNN_zz_r1_d6_s44,noisy_shot,512,3,2026,ibm_kingston,True,full_main_quantum_stack,train,target_loss,0.29533156752586365
MNIST_QNN_zz_r1_d6_s44,noisy_shot,512,3,2026,ibm_kingston,True,full_main_quantum_stack,train,n_records,100.0
MNIST_QNN_zz_r1_d6_s44,noisy_shot,512,3,2026,ibm_kingston,True,full_main_quantum_stack,test,target_accuracy,0.7400000095367432
MNIST_QNN_zz_r1_d6_s44,noisy_shot,512,3,2026,ibm_kingston,True,full_main_quantum_stack,test,target_loss,0.6707234978675842
MNIST_QNN_zz_r1_d6_s44,noisy_shot,512,3,2026,ibm_kingston,True,full_main_quantum_stack,test,n_records,100.0
MNIST_QNN_zz_r1_d6_s44,noisy_shot,512,3,2026,ibm_kingston,True,full_main_quantum_stack,membership,loss_auc,0.5769
MNIST_QNN_zz_r1_d6_s44,noisy_shot,512,3,2026,ibm_kingston,True,full_main_quantum_stack,membership,entropy_auc,0.5076
MNIST_QNN_zz_r1_d6_s44,noisy_shot,512,3,2026,ibm_kingston,True,full_main_quantum_stack,membership,confidence_auc,0.5073
MNIST_QNN_zz_r1_d6_s44,noisy_shot,512,3,2026,ibm_kingston,True,full_main_quantum_stack,membership,margin_auc,0.5082
MNIST_QNN_zz_r1_d6_s44,noisy_shot,512,3,2026,ibm_kingston,True,full_main_quantum_stack,membership,correctness_auc,0.585
MNIST_QNN_zz_r1_d6_s44,noisy_shot,512,3,2026,ibm_kingston,True,full_main_quantum_stack,membership,max_probability_auc,0.5073
MNIST_QNN_zz_r1_d6_s44,noisy_shot,512,3,2026,ibm_kingston,True,full_main_quantum_stack,target,generalization_gap_accuracy,0.17000001668930054
MNIST_QNN_zz_r1_d6_s44,noisy_shot,512,4,2026,ibm_kingston,True,full_main_quantum_stack,train,target_accuracy,0.9399999976158142
MNIST_QNN_zz_r1_d6_s44,noisy_shot,512,4,2026,ibm_kingston,True,full_main_quantum_stack,train,target_loss,0.2898843288421631
MNIST_QNN_zz_r1_d6_s44,noisy_shot,512,4,2026,ibm_kingston,True,full_main_quantum_stack,train,n_records,100.0
MNIST_QNN_zz_r1_d6_s44,noisy_shot,512,4,2026,ibm_kingston,True,full_main_quantum_stack,test,target_accuracy,0.7200000286102295
MNIST_QNN_zz_r1_d6_s44,noisy_shot,512,4,2026,ibm_kingston,True,full_main_quantum_stack,test,target_loss,0.6550845503807068
MNIST_QNN_zz_r1_d6_s44,noisy_shot,512,4,2026,ibm_kingston,True,full_main_quantum_stack,test,n_records,100.0
MNIST_QNN_zz_r1_d6_s44,noisy_shot,512,4,2026,ibm_kingston,True,full_main_quantum_stack,membership,loss_auc,0.5704
MNIST_QNN_zz_r1_d6_s44,noisy_shot,512,4,2026,ibm_kingston,True,full_main_quantum_stack,membership,entropy_auc,0.4874
MNIST_QNN_zz_r1_d6_s44,noisy_shot,512,4,2026,ibm_kingston,True,full_main_quantum_stack,membership,confidence_auc,0.49160000000000004
MNIST_QNN_zz_r1_d6_s44,noisy_shot,512,4,2026,ibm_kingston,True,full_main_quantum_stack,membership,margin_auc,0.49550000000000005
MNIST_QNN_zz_r1_d6_s44,noisy_shot,512,4,2026,ibm_kingston,True,full_main_quantum_stack,membership,correctness_auc,0.61
MNIST_QNN_zz_r1_d6_s44,noisy_shot,512,4,2026,ibm_kingston,True,full_main_quantum_stack,membership,max_probability_auc,0.49160000000000004
MNIST_QNN_zz_r1_d6_s44,noisy_shot,512,4,2026,ibm_kingston,True,full_main_quantum_stack,target,generalization_gap_accuracy,0.21999996900558472
MNIST_QNN_zz_r1_d6_s44,noisy_shot,512,5,2026,ibm_kingston,True,full_main_quantum_stack,train,target_accuracy,0.9399999976158142
MNIST_QNN_zz_r1_d6_s44,noisy_shot,512,5,2026,ibm_kingston,True,full_main_quantum_stack,train,target_loss,0.2865753471851349
MNIST_QNN_zz_r1_d6_s44,noisy_shot,512,5,2026,ibm_kingston,True,full_main_quantum_stack,train,n_records,100.0
MNIST_QNN_zz_r1_d6_s44,noisy_shot,512,5,2026,ibm_kingston,True,full_main_quantum_stack,test,target_accuracy,0.7400000095367432
MNIST_QNN_zz_r1_d6_s44,noisy_shot,512,5,2026,ibm_kingston,True,full_main_quantum_stack,test,target_loss,0.610939621925354
MNIST_QNN_zz_r1_d6_s44,noisy_shot,512,5,2026,ibm_kingston,True,full_main_quantum_stack,test,n_records,100.0
MNIST_QNN_zz_r1_d6_s44,noisy_shot,512,5,2026,ibm_kingston,True,full_main_quantum_stack,membership,loss_auc,0.5727
MNIST_QNN_zz_r1_d6_s44,noisy_shot,512,5,2026,ibm_kingston,True,full_main_quantum_stack,membership,entropy_auc,0.5079999999999999
MNIST_QNN_zz_r1_d6_s44,noisy_shot,512,5,2026,ibm_kingston,True,full_main_quantum_stack,membership,confidence_auc,0.5054000000000001
MNIST_QNN_zz_r1_d6_s44,noisy_shot,512,5,2026,ibm_kingston,True,full_main_quantum_stack,membership,margin_auc,0.5056
MNIST_QNN_zz_r1_d6_s44,noisy_shot,512,5,2026,ibm_kingston,True,full_main_quantum_stack,membership,correctness_auc,0.6
MNIST_QNN_zz_r1_d6_s44,noisy_shot,512,5,2026,ibm_kingston,True,full_main_quantum_stack,membership,max_probability_auc,0.5054000000000001
MNIST_QNN_zz_r1_d6_s44,noisy_shot,512,5,2026,ibm_kingston,True,full_main_quantum_stack,target,generalization_gap_accuracy,0.19999998807907104
MNIST_QNN_zz_r1_d6_s44,noisy_shot,512,6,2026,ibm_kingston,True,full_main_quantum_stack,train,target_accuracy,0.9100000262260437
MNIST_QNN_zz_r1_d6_s44,noisy_shot,512,6,2026,ibm_kingston,True,full_main_quantum_stack,train,target_loss,0.2791813611984253
MNIST_QNN_zz_r1_d6_s44,noisy_shot,512,6,2026,ibm_kingston,True,full_main_quantum_stack,train,n_records,100.0
MNIST_QNN_zz_r1_d6_s44,noisy_shot,512,6,2026,ibm_kingston,True,full_main_quantum_stack,test,target_accuracy,0.75
MNIST_QNN_zz_r1_d6_s44,noisy_shot,512,6,2026,ibm_kingston,True,full_main_quantum_stack,test,target_loss,0.6427180767059326
MNIST_QNN_zz_r1_d6_s44,noisy_shot,512,6,2026,ibm_kingston,True,full_main_quantum_stack,test,n_records,100.0
MNIST_QNN_zz_r1_d6_s44,noisy_shot,512,6,2026,ibm_kingston,True,full_main_quantum_stack,membership,loss_auc,0.5771999999999999
MNIST_QNN_zz_r1_d6_s44,noisy_shot,512,6,2026,ibm_kingston,True,full_main_quantum_stack,membership,entropy_auc,0.5052000000000001
MNIST_QNN_zz_r1_d6_s44,noisy_shot,512,6,2026,ibm_kingston,True,full_main_quantum_stack,membership,confidence_auc,0.5075000000000001
MNIST_QNN_zz_r1_d6_s44,noisy_shot,512,6,2026,ibm_kingston,True,full_main_quantum_stack,membership,margin_auc,0.5092
MNIST_QNN_zz_r1_d6_s44,noisy_shot,512,6,2026,ibm_kingston,True,full_main_quantum_stack,membership,correctness_auc,0.5800000000000001
MNIST_QNN_zz_r1_d6_s44,noisy_shot,512,6,2026,ibm_kingston,True,full_main_quantum_stack,membership,max_probability_auc,0.5075000000000001
MNIST_QNN_zz_r1_d6_s44,noisy_shot,512,6,2026,ibm_kingston,True,full_main_quantum_stack,target,generalization_gap_accuracy,0.1600000262260437
MNIST_QNN_zz_r1_d6_s44,noisy_shot,512,7,2026,ibm_kingston,True,full_main_quantum_stack,train,target_accuracy,0.9100000262260437
MNIST_QNN_zz_r1_d6_s44,noisy_shot,512,7,2026,ibm_kingston,True,full_main_quantum_stack,train,target_loss,0.2851461172103882
MNIST_QNN_zz_r1_d6_s44,noisy_shot,512,7,2026,ibm_kingston,True,full_main_quantum_stack,train,n_records,100.0
MNIST_QNN_zz_r1_d6_s44,noisy_shot,512,7,2026,ibm_kingston,True,full_main_quantum_stack,test,target_accuracy,0.75
MNIST_QNN_zz_r1_d6_s44,noisy_shot,512,7,2026,ibm_kingston,True,full_main_quantum_stack,test,target_loss,0.6499776244163513
MNIST_QNN_zz_r1_d6_s44,noisy_shot,512,7,2026,ibm_kingston,True,full_main_quantum_stack,test,n_records,100.0
MNIST_QNN_zz_r1_d6_s44,noisy_shot,512,7,2026,ibm_kingston,True,full_main_quantum_stack,membership,loss_auc,0.5711999999999999
MNIST_QNN_zz_r1_d6_s44,noisy_shot,512,7,2026,ibm_kingston,True,full_main_quantum_stack,membership,entropy_auc,0.5021
MNIST_QNN_zz_r1_d6_s44,noisy_shot,512,7,2026,ibm_kingston,True,full_main_quantum_stack,membership,confidence_auc,0.5073
MNIST_QNN_zz_r1_d6_s44,noisy_shot,512,7,2026,ibm_kingston,True,full_main_quantum_stack,membership,margin_auc,0.5101
MNIST_QNN_zz_r1_d6_s44,noisy_shot,512,7,2026,ibm_kingston,True,full_main_quantum_stack,membership,correctness_auc,0.5800000000000001
MNIST_QNN_zz_r1_d6_s44,noisy_shot,512,7,2026,ibm_kingston,True,full_main_quantum_stack,membership,max_probability_auc,0.5073
MNIST_QNN_zz_r1_d6_s44,noisy_shot,512,7,2026,ibm_kingston,True,full_main_quantum_stack,target,generalization_gap_accuracy,0.1600000262260437
MNIST_QNN_zz_r1_d6_s44,noisy_shot,512,8,2026,ibm_kingston,True,full_main_quantum_stack,train,target_accuracy,0.9200000166893005
MNIST_QNN_zz_r1_d6_s44,noisy_shot,512,8,2026,ibm_kingston,True,full_main_quantum_stack,train,target_loss,0.2870921790599823
MNIST_QNN_zz_r1_d6_s44,noisy_shot,512,8,2026,ibm_kingston,True,full_main_quantum_stack,train,n_records,100.0
MNIST_QNN_zz_r1_d6_s44,noisy_shot,512,8,2026,ibm_kingston,True,full_main_quantum_stack,test,target_accuracy,0.75
MNIST_QNN_zz_r1_d6_s44,noisy_shot,512,8,2026,ibm_kingston,True,full_main_quantum_stack,test,target_loss,0.6112048625946045
MNIST_QNN_zz_r1_d6_s44,noisy_shot,512,8,2026,ibm_kingston,True,full_main_quantum_stack,test,n_records,100.0
MNIST_QNN_zz_r1_d6_s44,noisy_shot,512,8,2026,ibm_kingston,True,full_main_quantum_stack,membership,loss_auc,0.5823
MNIST_QNN_zz_r1_d6_s44,noisy_shot,512,8,2026,ibm_kingston,True,full_main_quantum_stack,membership,entropy_auc,0.5189
MNIST_QNN_zz_r1_d6_s44,noisy_shot,512,8,2026,ibm_kingston,True,full_main_quantum_stack,membership,confidence_auc,0.5226000000000001
MNIST_QNN_zz_r1_d6_s44,noisy_shot,512,8,2026,ibm_kingston,True,full_main_quantum_stack,membership,margin_auc,0.5321
MNIST_QNN_zz_r1_d6_s44,noisy_shot,512,8,2026,ibm_kingston,True,full_main_quantum_stack,membership,correctness_auc,0.585
MNIST_QNN_zz_r1_d6_s44,noisy_shot,512,8,2026,ibm_kingston,True,full_main_quantum_stack,membership,max_probability_auc,0.5226000000000001
MNIST_QNN_zz_r1_d6_s44,noisy_shot,512,8,2026,ibm_kingston,True,full_main_quantum_stack,target,generalization_gap_accuracy,0.17000001668930054
MNIST_QNN_zz_r1_d6_s44,noisy_shot,512,9,2026,ibm_kingston,True,full_main_quantum_stack,train,target_accuracy,0.9300000071525574
MNIST_QNN_zz_r1_d6_s44,noisy_shot,512,9,2026,ibm_kingston,True,full_main_quantum_stack,train,target_loss,0.28232765197753906
MNIST_QNN_zz_r1_d6_s44,noisy_shot,512,9,2026,ibm_kingston,True,full_main_quantum_stack,train,n_records,100.0
MNIST_QNN_zz_r1_d6_s44,noisy_shot,512,9,2026,ibm_kingston,True,full_main_quantum_stack,test,target_accuracy,0.7200000286102295
MNIST_QNN_zz_r1_d6_s44,noisy_shot,512,9,2026,ibm_kingston,True,full_main_quantum_stack,test,target_loss,0.631277859210968
MNIST_QNN_zz_r1_d6_s44,noisy_shot,512,9,2026,ibm_kingston,True,full_main_quantum_stack,test,n_records,100.0
MNIST_QNN_zz_r1_d6_s44,noisy_shot,512,9,2026,ibm_kingston,True,full_main_quantum_stack,membership,loss_auc,0.5788
MNIST_QNN_zz_r1_d6_s44,noisy_shot,512,9,2026,ibm_kingston,True,full_main_quantum_stack,membership,entropy_auc,0.5095000000000001
MNIST_QNN_zz_r1_d6_s44,noisy_shot,512,9,2026,ibm_kingston,True,full_main_quantum_stack,membership,confidence_auc,0.5174
MNIST_QNN_zz_r1_d6_s44,noisy_shot,512,9,2026,ibm_kingston,True,full_main_quantum_stack,membership,margin_auc,0.5222
MNIST_QNN_zz_r1_d6_s44,noisy_shot,512,9,2026,ibm_kingston,True,full_main_quantum_stack,membership,correctness_auc,0.605
MNIST_QNN_zz_r1_d6_s44,noisy_shot,512,9,2026,ibm_kingston,True,full_main_quantum_stack,membership,max_probability_auc,0.5174
MNIST_QNN_zz_r1_d6_s44,noisy_shot,512,9,2026,ibm_kingston,True,full_main_quantum_stack,target,generalization_gap_accuracy,0.20999997854232788
MNIST_QNN_zz_r1_d6_s44,noisy_shot,1024,0,2026,ibm_kingston,True,full_main_quantum_stack,train,target_accuracy,0.9399999976158142
MNIST_QNN_zz_r1_d6_s44,noisy_shot,1024,0,2026,ibm_kingston,True,full_main_quantum_stack,train,target_loss,0.2687605023384094
MNIST_QNN_zz_r1_d6_s44,noisy_shot,1024,0,2026,ibm_kingston,True,full_main_quantum_stack,train,n_records,100.0
MNIST_QNN_zz_r1_d6_s44,noisy_shot,1024,0,2026,ibm_kingston,True,full_main_quantum_stack,test,target_accuracy,0.7200000286102295
MNIST_QNN_zz_r1_d6_s44,noisy_shot,1024,0,2026,ibm_kingston,True,full_main_quantum_stack,test,target_loss,0.658194363117218
MNIST_QNN_zz_r1_d6_s44,noisy_shot,1024,0,2026,ibm_kingston,True,full_main_quantum_stack,test,n_records,100.0
MNIST_QNN_zz_r1_d6_s44,noisy_shot,1024,0,2026,ibm_kingston,True,full_main_quantum_stack,membership,loss_auc,0.5824
MNIST_QNN_zz_r1_d6_s44,noisy_shot,1024,0,2026,ibm_kingston,True,full_main_quantum_stack,membership,entropy_auc,0.5090999999999999
MNIST_QNN_zz_r1_d6_s44,noisy_shot,1024,0,2026,ibm_kingston,True,full_main_quantum_stack,membership,confidence_auc,0.5138
MNIST_QNN_zz_r1_d6_s44,noisy_shot,1024,0,2026,ibm_kingston,True,full_main_quantum_stack,membership,margin_auc,0.5187999999999999
MNIST_QNN_zz_r1_d6_s44,noisy_shot,1024,0,2026,ibm_kingston,True,full_main_quantum_stack,membership,correctness_auc,0.61
MNIST_QNN_zz_r1_d6_s44,noisy_shot,1024,0,2026,ibm_kingston,True,full_main_quantum_stack,membership,max_probability_auc,0.5138
MNIST_QNN_zz_r1_d6_s44,noisy_shot,1024,0,2026,ibm_kingston,True,full_main_quantum_stack,target,generalization_gap_accuracy,0.21999996900558472
MNIST_QNN_zz_r1_d6_s44,noisy_shot,1024,1,2026,ibm_kingston,True,full_main_quantum_stack,train,target_accuracy,0.9200000166893005
MNIST_QNN_zz_r1_d6_s44,noisy_shot,1024,1,2026,ibm_kingston,True,full_main_quantum_stack,train,target_loss,0.262352854013443
MNIST_QNN_zz_r1_d6_s44,noisy_shot,1024,1,2026,ibm_kingston,True,full_main_quantum_stack,train,n_records,100.0
MNIST_QNN_zz_r1_d6_s44,noisy_shot,1024,1,2026,ibm_kingston,True,full_main_quantum_stack,test,target_accuracy,0.7200000286102295
MNIST_QNN_zz_r1_d6_s44,noisy_shot,1024,1,2026,ibm_kingston,True,full_main_quantum_stack,test,target_loss,0.6696779727935791
MNIST_QNN_zz_r1_d6_s44,noisy_shot,1024,1,2026,ibm_kingston,True,full_main_quantum_stack,test,n_records,100.0
MNIST_QNN_zz_r1_d6_s44,noisy_shot,1024,1,2026,ibm_kingston,True,full_main_quantum_stack,membership,loss_auc,0.5916999999999999
MNIST_QNN_zz_r1_d6_s44,noisy_shot,1024,1,2026,ibm_kingston,True,full_main_quantum_stack,membership,entropy_auc,0.5237
MNIST_QNN_zz_r1_d6_s44,noisy_shot,1024,1,2026,ibm_kingston,True,full_main_quantum_stack,membership,confidence_auc,0.5246999999999999
MNIST_QNN_zz_r1_d6_s44,noisy_shot,1024,1,2026,ibm_kingston,True,full_main_quantum_stack,membership,margin_auc,0.5262
MNIST_QNN_zz_r1_d6_s44,noisy_shot,1024,1,2026,ibm_kingston,True,full_main_quantum_stack,membership,correctness_auc,0.6000000000000001
MNIST_QNN_zz_r1_d6_s44,noisy_shot,1024,1,2026,ibm_kingston,True,full_main_quantum_stack,membership,max_probability_auc,0.5246999999999999
MNIST_QNN_zz_r1_d6_s44,noisy_shot,1024,1,2026,ibm_kingston,True,full_main_quantum_stack,target,generalization_gap_accuracy,0.19999998807907104
MNIST_QNN_zz_r1_d6_s44,noisy_shot,1024,2,2026,ibm_kingston,True,full_main_quantum_stack,train,target_accuracy,0.9399999976158142
MNIST_QNN_zz_r1_d6_s44,noisy_shot,1024,2,2026,ibm_kingston,True,full_main_quantum_stack,train,target_loss,0.2699088752269745
MNIST_QNN_zz_r1_d6_s44,noisy_shot,1024,2,2026,ibm_kingston,True,full_main_quantum_stack,train,n_records,100.0
MNIST_QNN_zz_r1_d6_s44,noisy_shot,1024,2,2026,ibm_kingston,True,full_main_quantum_stack,test,target_accuracy,0.7200000286102295
MNIST_QNN_zz_r1_d6_s44,noisy_shot,1024,2,2026,ibm_kingston,True,full_main_quantum_stack,test,target_loss,0.654663622379303
MNIST_QNN_zz_r1_d6_s44,noisy_shot,1024,2,2026,ibm_kingston,True,full_main_quantum_stack,test,n_records,100.0
MNIST_QNN_zz_r1_d6_s44,noisy_shot,1024,2,2026,ibm_kingston,True,full_main_quantum_stack,membership,loss_auc,0.581
MNIST_QNN_zz_r1_d6_s44,noisy_shot,1024,2,2026,ibm_kingston,True,full_main_quantum_stack,membership,entropy_auc,0.5088999999999999
MNIST_QNN_zz_r1_d6_s44,noisy_shot,1024,2,2026,ibm_kingston,True,full_main_quantum_stack,membership,confidence_auc,0.5165
MNIST_QNN_zz_r1_d6_s44,noisy_shot,1024,2,2026,ibm_kingston,True,full_main_quantum_stack,membership,margin_auc,0.5186999999999999
MNIST_QNN_zz_r1_d6_s44,noisy_shot,1024,2,2026,ibm_kingston,True,full_main_quantum_stack,membership,correctness_auc,0.61
MNIST_QNN_zz_r1_d6_s44,noisy_shot,1024,2,2026,ibm_kingston,True,full_main_quantum_stack,membership,max_probability_auc,0.5165
MNIST_QNN_zz_r1_d6_s44,noisy_shot,1024,2,2026,ibm_kingston,True,full_main_quantum_stack,target,generalization_gap_accuracy,0.21999996900558472
MNIST_QNN_zz_r1_d6_s44,noisy_shot,1024,3,2026,ibm_kingston,True,full_main_quantum_stack,train,target_accuracy,0.9200000166893005
MNIST_QNN_zz_r1_d6_s44,noisy_shot,1024,3,2026,ibm_kingston,True,full_main_quantum_stack,train,target_loss,0.28833216428756714
MNIST_QNN_zz_r1_d6_s44,noisy_shot,1024,3,2026,ibm_kingston,True,full_main_quantum_stack,train,n_records,100.0
MNIST_QNN_zz_r1_d6_s44,noisy_shot,1024,3,2026,ibm_kingston,True,full_main_quantum_stack,test,target_accuracy,0.7400000095367432
MNIST_QNN_zz_r1_d6_s44,noisy_shot,1024,3,2026,ibm_kingston,True,full_main_quantum_stack,test,target_loss,0.6516770720481873
MNIST_QNN_zz_r1_d6_s44,noisy_shot,1024,3,2026,ibm_kingston,True,full_main_quantum_stack,test,n_records,100.0
MNIST_QNN_zz_r1_d6_s44,noisy_shot,1024,3,2026,ibm_kingston,True,full_main_quantum_stack,membership,loss_auc,0.579
MNIST_QNN_zz_r1_d6_s44,noisy_shot,1024,3,2026,ibm_kingston,True,full_main_quantum_stack,membership,entropy_auc,0.5064000000000001
MNIST_QNN_zz_r1_d6_s44,noisy_shot,1024,3,2026,ibm_kingston,True,full_main_quantum_stack,membership,confidence_auc,0.5136000000000001
MNIST_QNN_zz_r1_d6_s44,noisy_shot,1024,3,2026,ibm_kingston,True,full_main_quantum_stack,membership,margin_auc,0.515
MNIST_QNN_zz_r1_d6_s44,noisy_shot,1024,3,2026,ibm_kingston,True,full_main_quantum_stack,membership,correctness_auc,0.5900000000000001
MNIST_QNN_zz_r1_d6_s44,noisy_shot,1024,3,2026,ibm_kingston,True,full_main_quantum_stack,membership,max_probability_auc,0.5136000000000001
MNIST_QNN_zz_r1_d6_s44,noisy_shot,1024,3,2026,ibm_kingston,True,full_main_quantum_stack,target,generalization_gap_accuracy,0.18000000715255737
MNIST_QNN_zz_r1_d6_s44,noisy_shot,1024,4,2026,ibm_kingston,True,full_main_quantum_stack,train,target_accuracy,0.9599999785423279
MNIST_QNN_zz_r1_d6_s44,noisy_shot,1024,4,2026,ibm_kingston,True,full_main_quantum_stack,train,target_loss,0.2593388557434082
MNIST_QNN_zz_r1_d6_s44,noisy_shot,1024,4,2026,ibm_kingston,True,full_main_quantum_stack,train,n_records,100.0
MNIST_QNN_zz_r1_d6_s44,noisy_shot,1024,4,2026,ibm_kingston,True,full_main_quantum_stack,test,target_accuracy,0.7200000286102295
MNIST_QNN_zz_r1_d6_s44,noisy_shot,1024,4,2026,ibm_kingston,True,full_main_quantum_stack,test,target_loss,0.6314476728439331
MNIST_QNN_zz_r1_d6_s44,noisy_shot,1024,4,2026,ibm_kingston,True,full_main_quantum_stack,test,n_records,100.0
MNIST_QNN_zz_r1_d6_s44,noisy_shot,1024,4,2026,ibm_kingston,True,full_main_quantum_stack,membership,loss_auc,0.5793999999999999
MNIST_QNN_zz_r1_d6_s44,noisy_shot,1024,4,2026,ibm_kingston,True,full_main_quantum_stack,membership,entropy_auc,0.51
MNIST_QNN_zz_r1_d6_s44,noisy_shot,1024,4,2026,ibm_kingston,True,full_main_quantum_stack,membership,confidence_auc,0.5123
MNIST_QNN_zz_r1_d6_s44,noisy_shot,1024,4,2026,ibm_kingston,True,full_main_quantum_stack,membership,margin_auc,0.5169
MNIST_QNN_zz_r1_d6_s44,noisy_shot,1024,4,2026,ibm_kingston,True,full_main_quantum_stack,membership,correctness_auc,0.62
MNIST_QNN_zz_r1_d6_s44,noisy_shot,1024,4,2026,ibm_kingston,True,full_main_quantum_stack,membership,max_probability_auc,0.5123
MNIST_QNN_zz_r1_d6_s44,noisy_shot,1024,4,2026,ibm_kingston,True,full_main_quantum_stack,target,generalization_gap_accuracy,0.2399999499320984
MNIST_QNN_zz_r1_d6_s44,noisy_shot,1024,5,2026,ibm_kingston,True,full_main_quantum_stack,train,target_accuracy,0.949999988079071
MNIST_QNN_zz_r1_d6_s44,noisy_shot,1024,5,2026,ibm_kingston,True,full_main_quantum_stack,train,target_loss,0.281179815530777
MNIST_QNN_zz_r1_d6_s44,noisy_shot,1024,5,2026,ibm_kingston,True,full_main_quantum_stack,train,n_records,100.0
MNIST_QNN_zz_r1_d6_s44,noisy_shot,1024,5,2026,ibm_kingston,True,full_main_quantum_stack,test,target_accuracy,0.7300000190734863
MNIST_QNN_zz_r1_d6_s44,noisy_shot,1024,5,2026,ibm_kingston,True,full_main_quantum_stack,test,target_loss,0.6148144006729126
MNIST_QNN_zz_r1_d6_s44,noisy_shot,1024,5,2026,ibm_kingston,True,full_main_quantum_stack,test,n_records,100.0
MNIST_QNN_zz_r1_d6_s44,noisy_shot,1024,5,2026,ibm_kingston,True,full_main_quantum_stack,membership,loss_auc,0.5776
MNIST_QNN_zz_r1_d6_s44,noisy_shot,1024,5,2026,ibm_kingston,True,full_main_quantum_stack,membership,entropy_auc,0.5078
MNIST_QNN_zz_r1_d6_s44,noisy_shot,1024,5,2026,ibm_kingston,True,full_main_quantum_stack,membership,confidence_auc,0.5127999999999999
MNIST_QNN_zz_r1_d6_s44,noisy_shot,1024,5,2026,ibm_kingston,True,full_main_quantum_stack,membership,margin_auc,0.5154000000000001
MNIST_QNN_zz_r1_d6_s44,noisy_shot,1024,5,2026,ibm_kingston,True,full_main_quantum_stack,membership,correctness_auc,0.61
MNIST_QNN_zz_r1_d6_s44,noisy_shot,1024,5,2026,ibm_kingston,True,full_main_quantum_stack,membership,max_probability_auc,0.5127999999999999
MNIST_QNN_zz_r1_d6_s44,noisy_shot,1024,5,2026,ibm_kingston,True,full_main_quantum_stack,target,generalization_gap_accuracy,0.21999996900558472
MNIST_QNN_zz_r1_d6_s44,noisy_shot,1024,6,2026,ibm_kingston,True,full_main_quantum_stack,train,target_accuracy,0.9300000071525574
MNIST_QNN_zz_r1_d6_s44,noisy_shot,1024,6,2026,ibm_kingston,True,full_main_quantum_stack,train,target_loss,0.2718769311904907
MNIST_QNN_zz_r1_d6_s44,noisy_shot,1024,6,2026,ibm_kingston,True,full_main_quantum_stack,train,n_records,100.0
MNIST_QNN_zz_r1_d6_s44,noisy_shot,1024,6,2026,ibm_kingston,True,full_main_quantum_stack,test,target_accuracy,0.7099999785423279
MNIST_QNN_zz_r1_d6_s44,noisy_shot,1024,6,2026,ibm_kingston,True,full_main_quantum_stack,test,target_loss,0.6750904321670532
MNIST_QNN_zz_r1_d6_s44,noisy_shot,1024,6,2026,ibm_kingston,True,full_main_quantum_stack,test,n_records,100.0
MNIST_QNN_zz_r1_d6_s44,noisy_shot,1024,6,2026,ibm_kingston,True,full_main_quantum_stack,membership,loss_auc,0.5789
MNIST_QNN_zz_r1_d6_s44,noisy_shot,1024,6,2026,ibm_kingston,True,full_main_quantum_stack,membership,entropy_auc,0.5028999999999999
MNIST_QNN_zz_r1_d6_s44,noisy_shot,1024,6,2026,ibm_kingston,True,full_main_quantum_stack,membership,confidence_auc,0.5004
MNIST_QNN_zz_r1_d6_s44,noisy_shot,1024,6,2026,ibm_kingston,True,full_main_quantum_stack,membership,margin_auc,0.5049
MNIST_QNN_zz_r1_d6_s44,noisy_shot,1024,6,2026,ibm_kingston,True,full_main_quantum_stack,membership,correctness_auc,0.6100000000000001
MNIST_QNN_zz_r1_d6_s44,noisy_shot,1024,6,2026,ibm_kingston,True,full_main_quantum_stack,membership,max_probability_auc,0.5004
MNIST_QNN_zz_r1_d6_s44,noisy_shot,1024,6,2026,ibm_kingston,True,full_main_quantum_stack,target,generalization_gap_accuracy,0.2200000286102295
MNIST_QNN_zz_r1_d6_s44,noisy_shot,1024,7,2026,ibm_kingston,True,full_main_quantum_stack,train,target_accuracy,0.9399999976158142
MNIST_QNN_zz_r1_d6_s44,noisy_shot,1024,7,2026,ibm_kingston,True,full_main_quantum_stack,train,target_loss,0.27410024404525757
MNIST_QNN_zz_r1_d6_s44,noisy_shot,1024,7,2026,ibm_kingston,True,full_main_quantum_stack,train,n_records,100.0
MNIST_QNN_zz_r1_d6_s44,noisy_shot,1024,7,2026,ibm_kingston,True,full_main_quantum_stack,test,target_accuracy,0.7699999809265137
MNIST_QNN_zz_r1_d6_s44,noisy_shot,1024,7,2026,ibm_kingston,True,full_main_quantum_stack,test,target_loss,0.6501972079277039
MNIST_QNN_zz_r1_d6_s44,noisy_shot,1024,7,2026,ibm_kingston,True,full_main_quantum_stack,test,n_records,100.0
MNIST_QNN_zz_r1_d6_s44,noisy_shot,1024,7,2026,ibm_kingston,True,full_main_quantum_stack,membership,loss_auc,0.5842
MNIST_QNN_zz_r1_d6_s44,noisy_shot,1024,7,2026,ibm_kingston,True,full_main_quantum_stack,membership,entropy_auc,0.5122
MNIST_QNN_zz_r1_d6_s44,noisy_shot,1024,7,2026,ibm_kingston,True,full_main_quantum_stack,membership,confidence_auc,0.5170999999999999
MNIST_QNN_zz_r1_d6_s44,noisy_shot,1024,7,2026,ibm_kingston,True,full_main_quantum_stack,membership,margin_auc,0.5204
MNIST_QNN_zz_r1_d6_s44,noisy_shot,1024,7,2026,ibm_kingston,True,full_main_quantum_stack,membership,correctness_auc,0.585
MNIST_QNN_zz_r1_d6_s44,noisy_shot,1024,7,2026,ibm_kingston,True,full_main_quantum_stack,membership,max_probability_auc,0.5170999999999999
MNIST_QNN_zz_r1_d6_s44,noisy_shot,1024,7,2026,ibm_kingston,True,full_main_quantum_stack,target,generalization_gap_accuracy,0.17000001668930054
MNIST_QNN_zz_r1_d6_s44,noisy_shot,1024,8,2026,ibm_kingston,True,full_main_quantum_stack,train,target_accuracy,0.949999988079071
MNIST_QNN_zz_r1_d6_s44,noisy_shot,1024,8,2026,ibm_kingston,True,full_main_quantum_stack,train,target_loss,0.2695100009441376
MNIST_QNN_zz_r1_d6_s44,noisy_shot,1024,8,2026,ibm_kingston,True,full_main_quantum_stack,train,n_records,100.0
MNIST_QNN_zz_r1_d6_s44,noisy_shot,1024,8,2026,ibm_kingston,True,full_main_quantum_stack,test,target_accuracy,0.7400000095367432
MNIST_QNN_zz_r1_d6_s44,noisy_shot,1024,8,2026,ibm_kingston,True,full_main_quantum_stack,test,target_loss,0.6138466000556946
MNIST_QNN_zz_r1_d6_s44,noisy_shot,1024,8,2026,ibm_kingston,True,full_main_quantum_stack,test,n_records,100.0
MNIST_QNN_zz_r1_d6_s44,noisy_shot,1024,8,2026,ibm_kingston,True,full_main_quantum_stack,membership,loss_auc,0.5761000000000001
MNIST_QNN_zz_r1_d6_s44,noisy_shot,1024,8,2026,ibm_kingston,True,full_main_quantum_stack,membership,entropy_auc,0.5107
MNIST_QNN_zz_r1_d6_s44,noisy_shot,1024,8,2026,ibm_kingston,True,full_main_quantum_stack,membership,confidence_auc,0.513
MNIST_QNN_zz_r1_d6_s44,noisy_shot,1024,8,2026,ibm_kingston,True,full_main_quantum_stack,membership,margin_auc,0.5221
MNIST_QNN_zz_r1_d6_s44,noisy_shot,1024,8,2026,ibm_kingston,True,full_main_quantum_stack,membership,correctness_auc,0.605
MNIST_QNN_zz_r1_d6_s44,noisy_shot,1024,8,2026,ibm_kingston,True,full_main_quantum_stack,membership,max_probability_auc,0.513
MNIST_QNN_zz_r1_d6_s44,noisy_shot,1024,8,2026,ibm_kingston,True,full_main_quantum_stack,target,generalization_gap_accuracy,0.20999997854232788
MNIST_QNN_zz_r1_d6_s44,noisy_shot,1024,9,2026,ibm_kingston,True,full_main_quantum_stack,train,target_accuracy,0.949999988079071
MNIST_QNN_zz_r1_d6_s44,noisy_shot,1024,9,2026,ibm_kingston,True,full_main_quantum_stack,train,target_loss,0.2591128349304199
MNIST_QNN_zz_r1_d6_s44,noisy_shot,1024,9,2026,ibm_kingston,True,full_main_quantum_stack,train,n_records,100.0
MNIST_QNN_zz_r1_d6_s44,noisy_shot,1024,9,2026,ibm_kingston,True,full_main_quantum_stack,test,target_accuracy,0.7400000095367432
MNIST_QNN_zz_r1_d6_s44,noisy_shot,1024,9,2026,ibm_kingston,True,full_main_quantum_stack,test,target_loss,0.6477280259132385
MNIST_QNN_zz_r1_d6_s44,noisy_shot,1024,9,2026,ibm_kingston,True,full_main_quantum_stack,test,n_records,100.0
MNIST_QNN_zz_r1_d6_s44,noisy_shot,1024,9,2026,ibm_kingston,True,full_main_quantum_stack,membership,loss_auc,0.5962000000000001
MNIST_QNN_zz_r1_d6_s44,noisy_shot,1024,9,2026,ibm_kingston,True,full_main_quantum_stack,membership,entropy_auc,0.5274
MNIST_QNN_zz_r1_d6_s44,noisy_shot,1024,9,2026,ibm_kingston,True,full_main_quantum_stack,membership,confidence_auc,0.5313
MNIST_QNN_zz_r1_d6_s44,noisy_shot,1024,9,2026,ibm_kingston,True,full_main_quantum_stack,membership,margin_auc,0.5342000000000001
MNIST_QNN_zz_r1_d6_s44,noisy_shot,1024,9,2026,ibm_kingston,True,full_main_quantum_stack,membership,correctness_auc,0.605
MNIST_QNN_zz_r1_d6_s44,noisy_shot,1024,9,2026,ibm_kingston,True,full_main_quantum_stack,membership,max_probability_auc,0.5313
MNIST_QNN_zz_r1_d6_s44,noisy_shot,1024,9,2026,ibm_kingston,True,full_main_quantum_stack,target,generalization_gap_accuracy,0.20999997854232788
