shots,replicate,attack,nominal_fpr,threshold,actual_fpr,calibrated_tpr
32,0,channel_lira_matched,0.001,2.6578842680419865,0.008611111111111111,0.02347222222222222
32,0,channel_lira_matched,0.01,1.5131405243631273,0.03319444444444444,0.07291666666666667
32,0,channel_lira_mismatched,0.001,2.8267944052336635,0.01597222222222222,0.026111111111111113
32,0,channel_lira_mismatched,0.01,1.651156805341863,0.05555555555555555,0.08402777777777778
32,1,channel_lira_matched,0.001,2.6578842680419865,0.007361111111111111,0.02388888888888889
32,1,channel_lira_matched,0.01,1.5131405243631273,0.03388888888888889,0.07666666666666666
32,1,channel_lira_mismatched,0.001,2.8267944052336635,0.01625,0.02722222222222222
32,1,channel_lira_mismatched,0.01,1.651156805341863,0.05361111111111111,0.08291666666666667
32,2,channel_lira_matched,0.001,2.6578842680419865,0.008194444444444445,0.025138888888888888
32,2,channel_lira_matched,0.01,1.5131405243631273,0.03263888888888889,0.07555555555555556
32,2,channel_lira_mismatched,0.001,2.8267944052336635,0.014722222222222222,0.02847222222222222
32,2,channel_lira_mismatched,0.01,1.651156805341863,0.050416666666666665,0.08125
32,3,channel_lira_matched,0.001,2.6578842680419865,0.008611111111111111,0.023055555555555555
32,3,channel_lira_matched,0.01,1.5131405243631273,0.03180555555555555,0.07902777777777778
32,3,channel_lira_mismatched,0.001,2.8267944052336635,0.014722222222222222,0.02666666666666667
32,3,channel_lira_mismatched,0.01,1.651156805341863,0.050972222222222224,0.08486111111111111
32,4,channel_lira_matched,0.001,2.6578842680419865,0.008055555555555555,0.02375
32,4,channel_lira_matched,0.01,1.5131405243631273,0.030416666666666668,0.07555555555555556
32,4,channel_lira_mismatched,0.001,2.8267944052336635,0.014722222222222222,0.029861111111111113
32,4,channel_lira_mismatched,0.01,1.651156805341863,0.05277777777777778,0.08333333333333333
32,5,channel_lira_matched,0.001,2.6578842680419865,0.009305555555555555,0.024583333333333332
32,5,channel_lira_matched,0.01,1.5131405243631273,0.03027777777777778,0.0775
32,5,channel_lira_mismatched,0.001,2.8267944052336635,0.017638888888888888,0.029583333333333333
32,5,channel_lira_mismatched,0.01,1.651156805341863,0.0525,0.08583333333333333
32,6,channel_lira_matched,0.001,2.6578842680419865,0.007361111111111111,0.024583333333333332
32,6,channel_lira_matched,0.01,1.5131405243631273,0.03111111111111111,0.07236111111111111
32,6,channel_lira_mismatched,0.001,2.8267944052336635,0.015416666666666667,0.02875
32,6,channel_lira_mismatched,0.01,1.651156805341863,0.051111111111111114,0.08194444444444444
32,7,channel_lira_matched,0.001,2.6578842680419865,0.008194444444444445,0.024722222222222222
32,7,channel_lira_matched,0.01,1.5131405243631273,0.034722222222222224,0.07541666666666667
32,7,channel_lira_mismatched,0.001,2.8267944052336635,0.015277777777777777,0.030694444444444444
32,7,channel_lira_mismatched,0.01,1.651156805341863,0.05527777777777778,0.08305555555555555
32,8,channel_lira_matched,0.001,2.6578842680419865,0.009305555555555555,0.023333333333333334
32,8,channel_lira_matched,0.01,1.5131405243631273,0.03222222222222222,0.07194444444444445
32,8,channel_lira_mismatched,0.001,2.8267944052336635,0.016666666666666666,0.028888888888888888
32,8,channel_lira_mismatched,0.01,1.651156805341863,0.050416666666666665,0.08333333333333333
32,9,channel_lira_matched,0.001,2.6578842680419865,0.007638888888888889,0.02361111111111111
32,9,channel_lira_matched,0.01,1.5131405243631273,0.03236111111111111,0.07611111111111112
32,9,channel_lira_mismatched,0.001,2.8267944052336635,0.015833333333333335,0.02861111111111111
32,9,channel_lira_mismatched,0.01,1.651156805341863,0.05444444444444444,0.08361111111111111
32,10,channel_lira_matched,0.001,2.6578842680419865,0.0077777777777777776,0.02277777777777778
32,10,channel_lira_matched,0.01,1.5131405243631273,0.034444444444444444,0.07416666666666667
32,10,channel_lira_mismatched,0.001,2.8267944052336635,0.016666666666666666,0.02722222222222222
32,10,channel_lira_mismatched,0.01,1.651156805341863,0.05555555555555555,0.08152777777777778
32,11,channel_lira_matched,0.001,2.6578842680419865,0.008888888888888889,0.025416666666666667
32,11,channel_lira_matched,0.01,1.5131405243631273,0.035833333333333335,0.07347222222222222
32,11,channel_lira_mismatched,0.001,2.8267944052336635,0.0175,0.028055555555555556
32,11,channel_lira_mismatched,0.01,1.651156805341863,0.05652777777777778,0.08208333333333333
32,12,channel_lira_matched,0.001,2.6578842680419865,0.0077777777777777776,0.02388888888888889
32,12,channel_lira_matched,0.01,1.5131405243631273,0.03333333333333333,0.07597222222222222
32,12,channel_lira_mismatched,0.001,2.8267944052336635,0.017083333333333332,0.02736111111111111
32,12,channel_lira_mismatched,0.01,1.651156805341863,0.05569444444444444,0.08180555555555556
32,13,channel_lira_matched,0.001,2.6578842680419865,0.007361111111111111,0.0225
32,13,channel_lira_matched,0.01,1.5131405243631273,0.03194444444444444,0.07402777777777778
32,13,channel_lira_mismatched,0.001,2.8267944052336635,0.01638888888888889,0.02722222222222222
32,13,channel_lira_mismatched,0.01,1.651156805341863,0.05402777777777778,0.08166666666666667
32,14,channel_lira_matched,0.001,2.6578842680419865,0.007916666666666667,0.02347222222222222
32,14,channel_lira_matched,0.01,1.5131405243631273,0.03180555555555555,0.07305555555555555
32,14,channel_lira_mismatched,0.001,2.8267944052336635,0.013888888888888888,0.02861111111111111
32,14,channel_lira_mismatched,0.01,1.651156805341863,0.05333333333333334,0.08166666666666667
32,15,channel_lira_matched,0.001,2.6578842680419865,0.0075,0.024027777777777776
32,15,channel_lira_matched,0.01,1.5131405243631273,0.03347222222222222,0.075
32,15,channel_lira_mismatched,0.001,2.8267944052336635,0.015416666666666667,0.02736111111111111
32,15,channel_lira_mismatched,0.01,1.651156805341863,0.05416666666666667,0.08069444444444444
32,16,channel_lira_matched,0.001,2.6578842680419865,0.007916666666666667,0.025138888888888888
32,16,channel_lira_matched,0.01,1.5131405243631273,0.03666666666666667,0.07472222222222222
32,16,channel_lira_mismatched,0.001,2.8267944052336635,0.01638888888888889,0.02875
32,16,channel_lira_mismatched,0.01,1.651156805341863,0.05527777777777778,0.08208333333333333
32,17,channel_lira_matched,0.001,2.6578842680419865,0.008194444444444445,0.024027777777777776
32,17,channel_lira_matched,0.01,1.5131405243631273,0.03388888888888889,0.07111111111111111
32,17,channel_lira_mismatched,0.001,2.8267944052336635,0.015277777777777777,0.02722222222222222
32,17,channel_lira_mismatched,0.01,1.651156805341863,0.05694444444444444,0.07805555555555556
32,18,channel_lira_matched,0.001,2.6578842680419865,0.008888888888888889,0.025833333333333333
32,18,channel_lira_matched,0.01,1.5131405243631273,0.035277777777777776,0.07819444444444444
32,18,channel_lira_mismatched,0.001,2.8267944052336635,0.01625,0.02847222222222222
32,18,channel_lira_mismatched,0.01,1.651156805341863,0.05402777777777778,0.08347222222222223
32,19,channel_lira_matched,0.001,2.6578842680419865,0.007361111111111111,0.024722222222222222
32,19,channel_lira_matched,0.01,1.5131405243631273,0.03347222222222222,0.0751388888888889
32,19,channel_lira_mismatched,0.001,2.8267944052336635,0.015694444444444445,0.029305555555555557
32,19,channel_lira_mismatched,0.01,1.651156805341863,0.05486111111111111,0.08263888888888889
32,20,channel_lira_matched,0.001,2.6578842680419865,0.008055555555555555,0.025972222222222223
32,20,channel_lira_matched,0.01,1.5131405243631273,0.03305555555555555,0.0763888888888889
32,20,channel_lira_mismatched,0.001,2.8267944052336635,0.014583333333333334,0.029027777777777777
32,20,channel_lira_mismatched,0.01,1.651156805341863,0.05555555555555555,0.08597222222222223
32,21,channel_lira_matched,0.001,2.6578842680419865,0.007083333333333333,0.02277777777777778
32,21,channel_lira_matched,0.01,1.5131405243631273,0.030416666666666668,0.07666666666666666
32,21,channel_lira_mismatched,0.001,2.8267944052336635,0.016944444444444446,0.029027777777777777
32,21,channel_lira_mismatched,0.01,1.651156805341863,0.05347222222222222,0.08263888888888889
32,22,channel_lira_matched,0.001,2.6578842680419865,0.007222222222222222,0.025833333333333333
32,22,channel_lira_matched,0.01,1.5131405243631273,0.03305555555555555,0.07805555555555556
32,22,channel_lira_mismatched,0.001,2.8267944052336635,0.01597222222222222,0.029027777777777777
32,22,channel_lira_mismatched,0.01,1.651156805341863,0.05569444444444444,0.08527777777777777
32,23,channel_lira_matched,0.001,2.6578842680419865,0.007916666666666667,0.024305555555555556
32,23,channel_lira_matched,0.01,1.5131405243631273,0.035555555555555556,0.07361111111111111
32,23,channel_lira_mismatched,0.001,2.8267944052336635,0.01597222222222222,0.028194444444444446
32,23,channel_lira_mismatched,0.01,1.651156805341863,0.05541666666666667,0.08055555555555556
32,24,channel_lira_matched,0.001,2.6578842680419865,0.008333333333333333,0.026111111111111113
32,24,channel_lira_matched,0.01,1.5131405243631273,0.034722222222222224,0.07625
32,24,channel_lira_mismatched,0.001,2.8267944052336635,0.015416666666666667,0.028055555555555556
32,24,channel_lira_mismatched,0.01,1.651156805341863,0.05375,0.08347222222222223
32,25,channel_lira_matched,0.001,2.6578842680419865,0.008611111111111111,0.02388888888888889
32,25,channel_lira_matched,0.01,1.5131405243631273,0.03361111111111111,0.0725
32,25,channel_lira_mismatched,0.001,2.8267944052336635,0.01638888888888889,0.029444444444444443
32,25,channel_lira_mismatched,0.01,1.651156805341863,0.05736111111111111,0.08097222222222222
32,26,channel_lira_matched,0.001,2.6578842680419865,0.008055555555555555,0.025138888888888888
32,26,channel_lira_matched,0.01,1.5131405243631273,0.03361111111111111,0.0763888888888889
32,26,channel_lira_mismatched,0.001,2.8267944052336635,0.015,0.026944444444444444
32,26,channel_lira_mismatched,0.01,1.651156805341863,0.05277777777777778,0.085
32,27,channel_lira_matched,0.001,2.6578842680419865,0.008055555555555555,0.023333333333333334
32,27,channel_lira_matched,0.01,1.5131405243631273,0.03347222222222222,0.07847222222222222
32,27,channel_lira_mismatched,0.001,2.8267944052336635,0.016527777777777777,0.02722222222222222
32,27,channel_lira_mismatched,0.01,1.651156805341863,0.05638888888888889,0.08166666666666667
32,28,channel_lira_matched,0.001,2.6578842680419865,0.007916666666666667,0.025138888888888888
32,28,channel_lira_matched,0.01,1.5131405243631273,0.03388888888888889,0.07611111111111112
32,28,channel_lira_mismatched,0.001,2.8267944052336635,0.014444444444444444,0.02847222222222222
32,28,channel_lira_mismatched,0.01,1.651156805341863,0.05541666666666667,0.08208333333333333
32,29,channel_lira_matched,0.001,2.6578842680419865,0.007916666666666667,0.025
32,29,channel_lira_matched,0.01,1.5131405243631273,0.034166666666666665,0.07333333333333333
32,29,channel_lira_mismatched,0.001,2.8267944052336635,0.017222222222222222,0.03
32,29,channel_lira_mismatched,0.01,1.651156805341863,0.05472222222222222,0.08361111111111111
64,0,channel_lira_matched,0.001,2.7799788887532633,0.010138888888888888,0.02847222222222222
64,0,channel_lira_matched,0.01,1.6067824158604156,0.04013888888888889,0.08083333333333333
64,0,channel_lira_mismatched,0.001,2.917331206218741,0.0225,0.03319444444444444
64,0,channel_lira_mismatched,0.01,1.6916081762103021,0.06430555555555556,0.09125
64,1,channel_lira_matched,0.001,2.7799788887532633,0.010277777777777778,0.030833333333333334
64,1,channel_lira_matched,0.01,1.6067824158604156,0.03875,0.08041666666666666
64,1,channel_lira_mismatched,0.001,2.917331206218741,0.021666666666666667,0.034861111111111114
64,1,channel_lira_mismatched,0.01,1.6916081762103021,0.06444444444444444,0.09541666666666666
64,2,channel_lira_matched,0.001,2.7799788887532633,0.010138888888888888,0.029027777777777777
64,2,channel_lira_matched,0.01,1.6067824158604156,0.03638888888888889,0.08416666666666667
64,2,channel_lira_mismatched,0.001,2.917331206218741,0.02013888888888889,0.03263888888888889
64,2,channel_lira_mismatched,0.01,1.6916081762103021,0.06222222222222222,0.09152777777777778
64,3,channel_lira_matched,0.001,2.7799788887532633,0.010833333333333334,0.029027777777777777
64,3,channel_lira_matched,0.01,1.6067824158604156,0.04041666666666666,0.08402777777777778
64,3,channel_lira_mismatched,0.001,2.917331206218741,0.02125,0.03319444444444444
64,3,channel_lira_mismatched,0.01,1.6916081762103021,0.0648611111111111,0.0926388888888889
64,4,channel_lira_matched,0.001,2.7799788887532633,0.009722222222222222,0.029305555555555557
64,4,channel_lira_matched,0.01,1.6067824158604156,0.03791666666666667,0.08069444444444444
64,4,channel_lira_mismatched,0.001,2.917331206218741,0.020972222222222222,0.034444444444444444
64,4,channel_lira_mismatched,0.01,1.6916081762103021,0.06472222222222222,0.09333333333333334
64,5,channel_lira_matched,0.001,2.7799788887532633,0.010138888888888888,0.027916666666666666
64,5,channel_lira_matched,0.01,1.6067824158604156,0.03944444444444444,0.08319444444444445
64,5,channel_lira_mismatched,0.001,2.917331206218741,0.020694444444444446,0.03319444444444444
64,5,channel_lira_mismatched,0.01,1.6916081762103021,0.06138888888888889,0.09430555555555556
64,6,channel_lira_matched,0.001,2.7799788887532633,0.010138888888888888,0.02847222222222222
64,6,channel_lira_matched,0.01,1.6067824158604156,0.03986111111111111,0.08375
64,6,channel_lira_mismatched,0.001,2.917331206218741,0.021111111111111112,0.03375
64,6,channel_lira_mismatched,0.01,1.6916081762103021,0.06583333333333333,0.09527777777777778
64,7,channel_lira_matched,0.001,2.7799788887532633,0.00986111111111111,0.03
64,7,channel_lira_matched,0.01,1.6067824158604156,0.03902777777777778,0.08361111111111111
64,7,channel_lira_mismatched,0.001,2.917331206218741,0.020694444444444446,0.035
64,7,channel_lira_mismatched,0.01,1.6916081762103021,0.06555555555555556,0.0925
64,8,channel_lira_matched,0.001,2.7799788887532633,0.010694444444444444,0.02875
64,8,channel_lira_matched,0.01,1.6067824158604156,0.03736111111111111,0.08222222222222222
64,8,channel_lira_mismatched,0.001,2.917331206218741,0.02375,0.03236111111111111
64,8,channel_lira_mismatched,0.01,1.6916081762103021,0.06430555555555556,0.09277777777777778
64,9,channel_lira_matched,0.001,2.7799788887532633,0.010972222222222222,0.029305555555555557
64,9,channel_lira_matched,0.01,1.6067824158604156,0.037083333333333336,0.08222222222222222
64,9,channel_lira_mismatched,0.001,2.917331206218741,0.021388888888888888,0.03388888888888889
64,9,channel_lira_mismatched,0.01,1.6916081762103021,0.06472222222222222,0.09166666666666666
64,10,channel_lira_matched,0.001,2.7799788887532633,0.009166666666666667,0.03
64,10,channel_lira_matched,0.01,1.6067824158604156,0.03763888888888889,0.0825
64,10,channel_lira_mismatched,0.001,2.917331206218741,0.020694444444444446,0.03319444444444444
64,10,channel_lira_mismatched,0.01,1.6916081762103021,0.06236111111111111,0.09430555555555556
64,11,channel_lira_matched,0.001,2.7799788887532633,0.00986111111111111,0.029027777777777777
64,11,channel_lira_matched,0.01,1.6067824158604156,0.03722222222222222,0.08097222222222222
64,11,channel_lira_mismatched,0.001,2.917331206218741,0.020972222222222222,0.03277777777777778
64,11,channel_lira_mismatched,0.01,1.6916081762103021,0.06527777777777778,0.095
64,12,channel_lira_matched,0.001,2.7799788887532633,0.010555555555555556,0.028888888888888888
64,12,channel_lira_matched,0.01,1.6067824158604156,0.03916666666666667,0.08319444444444445
64,12,channel_lira_mismatched,0.001,2.917331206218741,0.02236111111111111,0.03305555555555555
64,12,channel_lira_mismatched,0.01,1.6916081762103021,0.06555555555555556,0.09333333333333334
64,13,channel_lira_matched,0.001,2.7799788887532633,0.010972222222222222,0.029583333333333333
64,13,channel_lira_matched,0.01,1.6067824158604156,0.03791666666666667,0.08180555555555556
64,13,channel_lira_mismatched,0.001,2.917331206218741,0.020833333333333332,0.035416666666666666
64,13,channel_lira_mismatched,0.01,1.6916081762103021,0.06375,0.09513888888888888
64,14,channel_lira_matched,0.001,2.7799788887532633,0.009444444444444445,0.029305555555555557
64,14,channel_lira_matched,0.01,1.6067824158604156,0.03680555555555556,0.08305555555555555
64,14,channel_lira_mismatched,0.001,2.917331206218741,0.021111111111111112,0.034722222222222224
64,14,channel_lira_mismatched,0.01,1.6916081762103021,0.06583333333333333,0.09222222222222222
64,15,channel_lira_matched,0.001,2.7799788887532633,0.01,0.03138888888888889
64,15,channel_lira_matched,0.01,1.6067824158604156,0.03736111111111111,0.08444444444444445
64,15,channel_lira_mismatched,0.001,2.917331206218741,0.022222222222222223,0.03388888888888889
64,15,channel_lira_mismatched,0.01,1.6916081762103021,0.06388888888888888,0.09430555555555556
64,16,channel_lira_matched,0.001,2.7799788887532633,0.010972222222222222,0.02875
64,16,channel_lira_matched,0.01,1.6067824158604156,0.03916666666666667,0.0825
64,16,channel_lira_mismatched,0.001,2.917331206218741,0.02013888888888889,0.034027777777777775
64,16,channel_lira_mismatched,0.01,1.6916081762103021,0.06208333333333333,0.09541666666666666
64,17,channel_lira_matched,0.001,2.7799788887532633,0.00986111111111111,0.03027777777777778
64,17,channel_lira_matched,0.01,1.6067824158604156,0.04097222222222222,0.08402777777777778
64,17,channel_lira_mismatched,0.001,2.917331206218741,0.020972222222222222,0.03333333333333333
64,17,channel_lira_mismatched,0.01,1.6916081762103021,0.06319444444444444,0.09555555555555556
64,18,channel_lira_matched,0.001,2.7799788887532633,0.01125,0.03027777777777778
64,18,channel_lira_matched,0.01,1.6067824158604156,0.03861111111111111,0.08375
64,18,channel_lira_mismatched,0.001,2.917331206218741,0.021805555555555557,0.03361111111111111
64,18,channel_lira_mismatched,0.01,1.6916081762103021,0.06569444444444444,0.095
64,19,channel_lira_matched,0.001,2.7799788887532633,0.010694444444444444,0.029583333333333333
64,19,channel_lira_matched,0.01,1.6067824158604156,0.03847222222222222,0.08291666666666667
64,19,channel_lira_mismatched,0.001,2.917331206218741,0.022222222222222223,0.03333333333333333
64,19,channel_lira_mismatched,0.01,1.6916081762103021,0.06527777777777778,0.09319444444444444
64,20,channel_lira_matched,0.001,2.7799788887532633,0.009444444444444445,0.028055555555555556
64,20,channel_lira_matched,0.01,1.6067824158604156,0.03944444444444444,0.08361111111111111
64,20,channel_lira_mismatched,0.001,2.917331206218741,0.02125,0.03263888888888889
64,20,channel_lira_mismatched,0.01,1.6916081762103021,0.06388888888888888,0.09180555555555556
64,21,channel_lira_matched,0.001,2.7799788887532633,0.010555555555555556,0.02847222222222222
64,21,channel_lira_matched,0.01,1.6067824158604156,0.03791666666666667,0.08041666666666666
64,21,channel_lira_mismatched,0.001,2.917331206218741,0.020694444444444446,0.03611111111111111
64,21,channel_lira_mismatched,0.01,1.6916081762103021,0.06541666666666666,0.0948611111111111
64,22,channel_lira_matched,0.001,2.7799788887532633,0.009305555555555555,0.03138888888888889
64,22,channel_lira_matched,0.01,1.6067824158604156,0.03847222222222222,0.08291666666666667
64,22,channel_lira_mismatched,0.001,2.917331206218741,0.020694444444444446,0.034444444444444444
64,22,channel_lira_mismatched,0.01,1.6916081762103021,0.06138888888888889,0.09361111111111112
64,23,channel_lira_matched,0.001,2.7799788887532633,0.01,0.028333333333333332
64,23,channel_lira_matched,0.01,1.6067824158604156,0.03722222222222222,0.08444444444444445
64,23,channel_lira_mismatched,0.001,2.917331206218741,0.021388888888888888,0.03319444444444444
64,23,channel_lira_mismatched,0.01,1.6916081762103021,0.06375,0.09416666666666666
64,24,channel_lira_matched,0.001,2.7799788887532633,0.010138888888888888,0.028888888888888888
64,24,channel_lira_matched,0.01,1.6067824158604156,0.03736111111111111,0.07958333333333334
64,24,channel_lira_mismatched,0.001,2.917331206218741,0.02263888888888889,0.03333333333333333
64,24,channel_lira_mismatched,0.01,1.6916081762103021,0.06333333333333334,0.09208333333333334
64,25,channel_lira_matched,0.001,2.7799788887532633,0.010694444444444444,0.029444444444444443
64,25,channel_lira_matched,0.01,1.6067824158604156,0.03944444444444444,0.08194444444444444
64,25,channel_lira_mismatched,0.001,2.917331206218741,0.02236111111111111,0.034305555555555554
64,25,channel_lira_mismatched,0.01,1.6916081762103021,0.06541666666666666,0.09416666666666666
64,26,channel_lira_matched,0.001,2.7799788887532633,0.010277777777777778,0.030972222222222224
64,26,channel_lira_matched,0.01,1.6067824158604156,0.03805555555555556,0.08472222222222223
64,26,channel_lira_mismatched,0.001,2.917331206218741,0.02,0.03277777777777778
64,26,channel_lira_mismatched,0.01,1.6916081762103021,0.06555555555555556,0.09222222222222222
64,27,channel_lira_matched,0.001,2.7799788887532633,0.010833333333333334,0.028888888888888888
64,27,channel_lira_matched,0.01,1.6067824158604156,0.03736111111111111,0.07944444444444444
64,27,channel_lira_mismatched,0.001,2.917331206218741,0.021111111111111112,0.034305555555555554
64,27,channel_lira_mismatched,0.01,1.6916081762103021,0.06375,0.09194444444444444
64,28,channel_lira_matched,0.001,2.7799788887532633,0.010694444444444444,0.029166666666666667
64,28,channel_lira_matched,0.01,1.6067824158604156,0.03916666666666667,0.08208333333333333
64,28,channel_lira_mismatched,0.001,2.917331206218741,0.02,0.03333333333333333
64,28,channel_lira_mismatched,0.01,1.6916081762103021,0.06291666666666666,0.09319444444444444
64,29,channel_lira_matched,0.001,2.7799788887532633,0.008472222222222223,0.02875
64,29,channel_lira_matched,0.01,1.6067824158604156,0.03652777777777778,0.08263888888888889
64,29,channel_lira_mismatched,0.001,2.917331206218741,0.020416666666666666,0.03333333333333333
64,29,channel_lira_mismatched,0.01,1.6916081762103021,0.06388888888888888,0.095
128,0,channel_lira_matched,0.001,2.962454060674418,0.011111111111111112,0.03138888888888889
128,0,channel_lira_matched,0.01,1.6726672144395283,0.044305555555555556,0.08541666666666667
128,0,channel_lira_mismatched,0.001,2.998352845156433,0.025138888888888888,0.037083333333333336
128,0,channel_lira_mismatched,0.01,1.7386672719961427,0.07027777777777777,0.09694444444444444
128,1,channel_lira_matched,0.001,2.962454060674418,0.010972222222222222,0.030416666666666668
128,1,channel_lira_matched,0.01,1.6726672144395283,0.043055555555555555,0.08555555555555555
128,1,channel_lira_mismatched,0.001,2.998352845156433,0.02388888888888889,0.03777777777777778
128,1,channel_lira_mismatched,0.01,1.7386672719961427,0.06944444444444445,0.09694444444444444
128,2,channel_lira_matched,0.001,2.962454060674418,0.011944444444444445,0.03111111111111111
128,2,channel_lira_matched,0.01,1.6726672144395283,0.04069444444444444,0.08930555555555555
128,2,channel_lira_mismatched,0.001,2.998352845156433,0.025694444444444443,0.03833333333333333
128,2,channel_lira_mismatched,0.01,1.7386672719961427,0.07069444444444445,0.09791666666666667
128,3,channel_lira_matched,0.001,2.962454060674418,0.01125,0.029861111111111113
128,3,channel_lira_matched,0.01,1.6726672144395283,0.04736111111111111,0.08736111111111111
128,3,channel_lira_mismatched,0.001,2.998352845156433,0.024722222222222222,0.03722222222222222
128,3,channel_lira_mismatched,0.01,1.7386672719961427,0.06944444444444445,0.10027777777777777
128,4,channel_lira_matched,0.001,2.962454060674418,0.011805555555555555,0.030555555555555555
128,4,channel_lira_matched,0.01,1.6726672144395283,0.042222222222222223,0.08875
128,4,channel_lira_mismatched,0.001,2.998352845156433,0.02375,0.03777777777777778
128,4,channel_lira_mismatched,0.01,1.7386672719961427,0.06930555555555555,0.09833333333333333
128,5,channel_lira_matched,0.001,2.962454060674418,0.010416666666666666,0.03236111111111111
128,5,channel_lira_matched,0.01,1.6726672144395283,0.04111111111111111,0.09027777777777778
128,5,channel_lira_mismatched,0.001,2.998352845156433,0.025,0.03791666666666667
128,5,channel_lira_mismatched,0.01,1.7386672719961427,0.06916666666666667,0.10166666666666667
128,6,channel_lira_matched,0.001,2.962454060674418,0.011111111111111112,0.030555555555555555
128,6,channel_lira_matched,0.01,1.6726672144395283,0.044305555555555556,0.08888888888888889
128,6,channel_lira_mismatched,0.001,2.998352845156433,0.024722222222222222,0.0375
128,6,channel_lira_mismatched,0.01,1.7386672719961427,0.07152777777777777,0.10027777777777777
128,7,channel_lira_matched,0.001,2.962454060674418,0.01125,0.030416666666666668
128,7,channel_lira_matched,0.01,1.6726672144395283,0.04402777777777778,0.08944444444444444
128,7,channel_lira_mismatched,0.001,2.998352845156433,0.024444444444444446,0.03625
128,7,channel_lira_mismatched,0.01,1.7386672719961427,0.06805555555555555,0.09625
128,8,channel_lira_matched,0.001,2.962454060674418,0.010972222222222222,0.03125
128,8,channel_lira_matched,0.01,1.6726672144395283,0.043472222222222225,0.08861111111111111
128,8,channel_lira_mismatched,0.001,2.998352845156433,0.024305555555555556,0.037083333333333336
128,8,channel_lira_mismatched,0.01,1.7386672719961427,0.06944444444444445,0.09916666666666667
128,9,channel_lira_matched,0.001,2.962454060674418,0.011666666666666667,0.029444444444444443
128,9,channel_lira_matched,0.01,1.6726672144395283,0.041944444444444444,0.08777777777777777
128,9,channel_lira_mismatched,0.001,2.998352845156433,0.025138888888888888,0.03736111111111111
128,9,channel_lira_mismatched,0.01,1.7386672719961427,0.07069444444444445,0.09777777777777778
128,10,channel_lira_matched,0.001,2.962454060674418,0.010833333333333334,0.03222222222222222
128,10,channel_lira_matched,0.01,1.6726672144395283,0.043194444444444445,0.08861111111111111
128,10,channel_lira_mismatched,0.001,2.998352845156433,0.024166666666666666,0.04027777777777778
128,10,channel_lira_mismatched,0.01,1.7386672719961427,0.07,0.10027777777777777
128,11,channel_lira_matched,0.001,2.962454060674418,0.010138888888888888,0.0325
128,11,channel_lira_matched,0.01,1.6726672144395283,0.043333333333333335,0.08902777777777778
128,11,channel_lira_mismatched,0.001,2.998352845156433,0.02486111111111111,0.03777777777777778
128,11,channel_lira_mismatched,0.01,1.7386672719961427,0.06986111111111111,0.09944444444444445
128,12,channel_lira_matched,0.001,2.962454060674418,0.011666666666666667,0.03208333333333333
128,12,channel_lira_matched,0.01,1.6726672144395283,0.043055555555555555,0.08861111111111111
128,12,channel_lira_mismatched,0.001,2.998352845156433,0.025416666666666667,0.03888888888888889
128,12,channel_lira_mismatched,0.01,1.7386672719961427,0.07166666666666667,0.0975
128,13,channel_lira_matched,0.001,2.962454060674418,0.011666666666666667,0.02861111111111111
128,13,channel_lira_matched,0.01,1.6726672144395283,0.04416666666666667,0.08569444444444445
128,13,channel_lira_mismatched,0.001,2.998352845156433,0.025277777777777777,0.03625
128,13,channel_lira_mismatched,0.01,1.7386672719961427,0.07208333333333333,0.09527777777777778
128,14,channel_lira_matched,0.001,2.962454060674418,0.010833333333333334,0.03111111111111111
128,14,channel_lira_matched,0.01,1.6726672144395283,0.04513888888888889,0.08847222222222222
128,14,channel_lira_mismatched,0.001,2.998352845156433,0.024444444444444446,0.03972222222222222
128,14,channel_lira_mismatched,0.01,1.7386672719961427,0.06944444444444445,0.09722222222222222
128,15,channel_lira_matched,0.001,2.962454060674418,0.011805555555555555,0.029305555555555557
128,15,channel_lira_matched,0.01,1.6726672144395283,0.043472222222222225,0.08958333333333333
128,15,channel_lira_mismatched,0.001,2.998352845156433,0.024722222222222222,0.03805555555555556
128,15,channel_lira_mismatched,0.01,1.7386672719961427,0.07180555555555555,0.09875
128,16,channel_lira_matched,0.001,2.962454060674418,0.01138888888888889,0.03347222222222222
128,16,channel_lira_matched,0.01,1.6726672144395283,0.042916666666666665,0.08722222222222223
128,16,channel_lira_mismatched,0.001,2.998352845156433,0.024722222222222222,0.03861111111111111
128,16,channel_lira_mismatched,0.01,1.7386672719961427,0.06708333333333333,0.09972222222222223
128,17,channel_lira_matched,0.001,2.962454060674418,0.010833333333333334,0.029861111111111113
128,17,channel_lira_matched,0.01,1.6726672144395283,0.042222222222222223,0.08819444444444445
128,17,channel_lira_mismatched,0.001,2.998352845156433,0.025,0.03805555555555556
128,17,channel_lira_mismatched,0.01,1.7386672719961427,0.06777777777777778,0.09930555555555555
128,18,channel_lira_matched,0.001,2.962454060674418,0.011527777777777777,0.03013888888888889
128,18,channel_lira_matched,0.01,1.6726672144395283,0.043055555555555555,0.08652777777777777
128,18,channel_lira_mismatched,0.001,2.998352845156433,0.024583333333333332,0.03777777777777778
128,18,channel_lira_mismatched,0.01,1.7386672719961427,0.06958333333333333,0.09833333333333333
128,19,channel_lira_matched,0.001,2.962454060674418,0.011805555555555555,0.03013888888888889
128,19,channel_lira_matched,0.01,1.6726672144395283,0.043055555555555555,0.08708333333333333
128,19,channel_lira_mismatched,0.001,2.998352845156433,0.025555555555555557,0.0375
128,19,channel_lira_mismatched,0.01,1.7386672719961427,0.06902777777777777,0.09777777777777778
128,20,channel_lira_matched,0.001,2.962454060674418,0.013472222222222222,0.029166666666666667
128,20,channel_lira_matched,0.01,1.6726672144395283,0.043611111111111114,0.08861111111111111
128,20,channel_lira_mismatched,0.001,2.998352845156433,0.025833333333333333,0.03819444444444445
128,20,channel_lira_mismatched,0.01,1.7386672719961427,0.07263888888888889,0.09902777777777778
128,21,channel_lira_matched,0.001,2.962454060674418,0.01125,0.03152777777777778
128,21,channel_lira_matched,0.01,1.6726672144395283,0.0425,0.08611111111111111
128,21,channel_lira_mismatched,0.001,2.998352845156433,0.02652777777777778,0.03902777777777778
128,21,channel_lira_mismatched,0.01,1.7386672719961427,0.06986111111111111,0.09861111111111111
128,22,channel_lira_matched,0.001,2.962454060674418,0.012222222222222223,0.03111111111111111
128,22,channel_lira_matched,0.01,1.6726672144395283,0.041805555555555554,0.08916666666666667
128,22,channel_lira_mismatched,0.001,2.998352845156433,0.024583333333333332,0.03958333333333333
128,22,channel_lira_mismatched,0.01,1.7386672719961427,0.06902777777777777,0.10263888888888889
128,23,channel_lira_matched,0.001,2.962454060674418,0.012222222222222223,0.03236111111111111
128,23,channel_lira_matched,0.01,1.6726672144395283,0.043472222222222225,0.08833333333333333
128,23,channel_lira_mismatched,0.001,2.998352845156433,0.024722222222222222,0.03875
128,23,channel_lira_mismatched,0.01,1.7386672719961427,0.07069444444444445,0.10097222222222223
128,24,channel_lira_matched,0.001,2.962454060674418,0.011944444444444445,0.03152777777777778
128,24,channel_lira_matched,0.01,1.6726672144395283,0.043333333333333335,0.08708333333333333
128,24,channel_lira_mismatched,0.001,2.998352845156433,0.024305555555555556,0.03805555555555556
128,24,channel_lira_mismatched,0.01,1.7386672719961427,0.06847222222222223,0.10138888888888889
128,25,channel_lira_matched,0.001,2.962454060674418,0.01138888888888889,0.03152777777777778
128,25,channel_lira_matched,0.01,1.6726672144395283,0.04097222222222222,0.09
128,25,channel_lira_mismatched,0.001,2.998352845156433,0.024722222222222222,0.035555555555555556
128,25,channel_lira_mismatched,0.01,1.7386672719961427,0.06944444444444445,0.09944444444444445
128,26,channel_lira_matched,0.001,2.962454060674418,0.010972222222222222,0.03361111111111111
128,26,channel_lira_matched,0.01,1.6726672144395283,0.041527777777777775,0.0901388888888889
128,26,channel_lira_mismatched,0.001,2.998352845156433,0.024027777777777776,0.03791666666666667
128,26,channel_lira_mismatched,0.01,1.7386672719961427,0.06694444444444445,0.10152777777777777
128,27,channel_lira_matched,0.001,2.962454060674418,0.011527777777777777,0.03125
128,27,channel_lira_matched,0.01,1.6726672144395283,0.04138888888888889,0.09055555555555556
128,27,channel_lira_mismatched,0.001,2.998352845156433,0.025555555555555557,0.03944444444444444
128,27,channel_lira_mismatched,0.01,1.7386672719961427,0.06833333333333333,0.0975
128,28,channel_lira_matched,0.001,2.962454060674418,0.010833333333333334,0.032916666666666664
128,28,channel_lira_matched,0.01,1.6726672144395283,0.043333333333333335,0.08875
128,28,channel_lira_mismatched,0.001,2.998352845156433,0.024305555555555556,0.04041666666666666
128,28,channel_lira_mismatched,0.01,1.7386672719961427,0.06902777777777777,0.10208333333333333
128,29,channel_lira_matched,0.001,2.962454060674418,0.01125,0.032916666666666664
128,29,channel_lira_matched,0.01,1.6726672144395283,0.04055555555555555,0.08916666666666667
128,29,channel_lira_mismatched,0.001,2.998352845156433,0.02388888888888889,0.03916666666666667
128,29,channel_lira_mismatched,0.01,1.7386672719961427,0.06819444444444445,0.09916666666666667
256,0,channel_lira_matched,0.001,3.030224923952233,0.013888888888888888,0.0325
256,0,channel_lira_matched,0.01,1.7402479751538353,0.04541666666666667,0.09111111111111111
256,0,channel_lira_mismatched,0.001,3.116677080161694,0.024583333333333332,0.04
256,0,channel_lira_mismatched,0.01,1.763278669596332,0.07333333333333333,0.10097222222222223
256,1,channel_lira_matched,0.001,3.030224923952233,0.012083333333333333,0.03333333333333333
256,1,channel_lira_matched,0.01,1.7402479751538353,0.04583333333333333,0.09055555555555556
256,1,channel_lira_mismatched,0.001,3.116677080161694,0.025694444444444443,0.03875
256,1,channel_lira_mismatched,0.01,1.763278669596332,0.07402777777777778,0.10263888888888889
256,2,channel_lira_matched,0.001,3.030224923952233,0.012638888888888889,0.03277777777777778
256,2,channel_lira_matched,0.01,1.7402479751538353,0.04722222222222222,0.09097222222222222
256,2,channel_lira_mismatched,0.001,3.116677080161694,0.02638888888888889,0.03916666666666667
256,2,channel_lira_mismatched,0.01,1.763278669596332,0.07125,0.10208333333333333
256,3,channel_lira_matched,0.001,3.030224923952233,0.0125,0.03305555555555555
256,3,channel_lira_matched,0.01,1.7402479751538353,0.04819444444444444,0.09125
256,3,channel_lira_mismatched,0.001,3.116677080161694,0.02652777777777778,0.03916666666666667
256,3,channel_lira_mismatched,0.01,1.763278669596332,0.07291666666666667,0.1025
256,4,channel_lira_matched,0.001,3.030224923952233,0.011666666666666667,0.034305555555555554
256,4,channel_lira_matched,0.01,1.7402479751538353,0.04694444444444444,0.09319444444444444
256,4,channel_lira_mismatched,0.001,3.116677080161694,0.025555555555555557,0.04083333333333333
256,4,channel_lira_mismatched,0.01,1.763278669596332,0.07388888888888889,0.10083333333333333
256,5,channel_lira_matched,0.001,3.030224923952233,0.011111111111111112,0.03347222222222222
256,5,channel_lira_matched,0.01,1.7402479751538353,0.04402777777777778,0.08958333333333333
256,5,channel_lira_mismatched,0.001,3.116677080161694,0.025416666666666667,0.03861111111111111
256,5,channel_lira_mismatched,0.01,1.763278669596332,0.07319444444444445,0.10305555555555555
256,6,channel_lira_matched,0.001,3.030224923952233,0.011666666666666667,0.03319444444444444
256,6,channel_lira_matched,0.01,1.7402479751538353,0.0425,0.09055555555555556
256,6,channel_lira_mismatched,0.001,3.116677080161694,0.026111111111111113,0.03930555555555556
256,6,channel_lira_mismatched,0.01,1.763278669596332,0.07319444444444445,0.10319444444444445
256,7,channel_lira_matched,0.001,3.030224923952233,0.011944444444444445,0.03333333333333333
256,7,channel_lira_matched,0.01,1.7402479751538353,0.04555555555555556,0.09125
256,7,channel_lira_mismatched,0.001,3.116677080161694,0.025138888888888888,0.03888888888888889
256,7,channel_lira_mismatched,0.01,1.763278669596332,0.07388888888888889,0.10208333333333333
256,8,channel_lira_matched,0.001,3.030224923952233,0.01138888888888889,0.03388888888888889
256,8,channel_lira_matched,0.01,1.7402479751538353,0.04416666666666667,0.09111111111111111
256,8,channel_lira_mismatched,0.001,3.116677080161694,0.025277777777777777,0.04013888888888889
256,8,channel_lira_mismatched,0.01,1.763278669596332,0.0725,0.10416666666666667
256,9,channel_lira_matched,0.001,3.030224923952233,0.012638888888888889,0.03263888888888889
256,9,channel_lira_matched,0.01,1.7402479751538353,0.04777777777777778,0.09125
256,9,channel_lira_mismatched,0.001,3.116677080161694,0.02486111111111111,0.04
256,9,channel_lira_mismatched,0.01,1.763278669596332,0.07333333333333333,0.10111111111111111
256,10,channel_lira_matched,0.001,3.030224923952233,0.012222222222222223,0.03347222222222222
256,10,channel_lira_matched,0.01,1.7402479751538353,0.04680555555555556,0.08847222222222222
256,10,channel_lira_mismatched,0.001,3.116677080161694,0.025555555555555557,0.03805555555555556
256,10,channel_lira_mismatched,0.01,1.763278669596332,0.07291666666666667,0.10041666666666667
256,11,channel_lira_matched,0.001,3.030224923952233,0.013055555555555556,0.03347222222222222
256,11,channel_lira_matched,0.01,1.7402479751538353,0.04625,0.09055555555555556
256,11,channel_lira_mismatched,0.001,3.116677080161694,0.02666666666666667,0.04013888888888889
256,11,channel_lira_mismatched,0.01,1.763278669596332,0.07194444444444445,0.10291666666666667
256,12,channel_lira_matched,0.001,3.030224923952233,0.011944444444444445,0.034305555555555554
256,12,channel_lira_matched,0.01,1.7402479751538353,0.04486111111111111,0.09166666666666666
256,12,channel_lira_mismatched,0.001,3.116677080161694,0.025972222222222223,0.04013888888888889
256,12,channel_lira_mismatched,0.01,1.763278669596332,0.07194444444444445,0.10402777777777777
256,13,channel_lira_matched,0.001,3.030224923952233,0.0125,0.03263888888888889
256,13,channel_lira_matched,0.01,1.7402479751538353,0.04819444444444444,0.08958333333333333
256,13,channel_lira_mismatched,0.001,3.116677080161694,0.025694444444444443,0.04
256,13,channel_lira_mismatched,0.01,1.763278669596332,0.07347222222222222,0.10291666666666667
256,14,channel_lira_matched,0.001,3.030224923952233,0.013055555555555556,0.03305555555555555
256,14,channel_lira_matched,0.01,1.7402479751538353,0.04527777777777778,0.09236111111111112
256,14,channel_lira_mismatched,0.001,3.116677080161694,0.025138888888888888,0.03875
256,14,channel_lira_mismatched,0.01,1.763278669596332,0.0725,0.10388888888888889
256,15,channel_lira_matched,0.001,3.030224923952233,0.013055555555555556,0.035277777777777776
256,15,channel_lira_matched,0.01,1.7402479751538353,0.04541666666666667,0.09166666666666666
256,15,channel_lira_mismatched,0.001,3.116677080161694,0.024444444444444446,0.03986111111111111
256,15,channel_lira_mismatched,0.01,1.763278669596332,0.07152777777777777,0.10388888888888889
256,16,channel_lira_matched,0.001,3.030224923952233,0.013472222222222222,0.03375
256,16,channel_lira_matched,0.01,1.7402479751538353,0.04388888888888889,0.09069444444444444
256,16,channel_lira_mismatched,0.001,3.116677080161694,0.02638888888888889,0.03833333333333333
256,16,channel_lira_mismatched,0.01,1.763278669596332,0.07291666666666667,0.10361111111111111
256,17,channel_lira_matched,0.001,3.030224923952233,0.01361111111111111,0.03277777777777778
256,17,channel_lira_matched,0.01,1.7402479751538353,0.044444444444444446,0.09041666666666667
256,17,channel_lira_mismatched,0.001,3.116677080161694,0.025277777777777777,0.03902777777777778
256,17,channel_lira_mismatched,0.01,1.763278669596332,0.07222222222222222,0.10402777777777777
256,18,channel_lira_matched,0.001,3.030224923952233,0.014166666666666666,0.03277777777777778
256,18,channel_lira_matched,0.01,1.7402479751538353,0.043333333333333335,0.09194444444444444
256,18,channel_lira_mismatched,0.001,3.116677080161694,0.025416666666666667,0.04041666666666666
256,18,channel_lira_mismatched,0.01,1.763278669596332,0.07111111111111111,0.10208333333333333
256,19,channel_lira_matched,0.001,3.030224923952233,0.013055555555555556,0.03305555555555555
256,19,channel_lira_matched,0.01,1.7402479751538353,0.04666666666666667,0.08902777777777778
256,19,channel_lira_mismatched,0.001,3.116677080161694,0.02625,0.03763888888888889
256,19,channel_lira_mismatched,0.01,1.763278669596332,0.07458333333333333,0.10305555555555555
256,20,channel_lira_matched,0.001,3.030224923952233,0.0125,0.03277777777777778
256,20,channel_lira_matched,0.01,1.7402479751538353,0.044305555555555556,0.08861111111111111
256,20,channel_lira_mismatched,0.001,3.116677080161694,0.025555555555555557,0.03916666666666667
256,20,channel_lira_mismatched,0.01,1.763278669596332,0.07375,0.10208333333333333
256,21,channel_lira_matched,0.001,3.030224923952233,0.0125,0.03361111111111111
256,21,channel_lira_matched,0.01,1.7402479751538353,0.04597222222222222,0.0926388888888889
256,21,channel_lira_mismatched,0.001,3.116677080161694,0.02486111111111111,0.041527777777777775
256,21,channel_lira_mismatched,0.01,1.763278669596332,0.07222222222222222,0.10263888888888889
256,22,channel_lira_matched,0.001,3.030224923952233,0.012083333333333333,0.034166666666666665
256,22,channel_lira_matched,0.01,1.7402479751538353,0.04638888888888889,0.09027777777777778
256,22,channel_lira_mismatched,0.001,3.116677080161694,0.025694444444444443,0.04013888888888889
256,22,channel_lira_mismatched,0.01,1.763278669596332,0.07208333333333333,0.10291666666666667
256,23,channel_lira_matched,0.001,3.030224923952233,0.012083333333333333,0.03305555555555555
256,23,channel_lira_matched,0.01,1.7402479751538353,0.04638888888888889,0.09041666666666667
256,23,channel_lira_mismatched,0.001,3.116677080161694,0.025416666666666667,0.03930555555555556
256,23,channel_lira_mismatched,0.01,1.763278669596332,0.07375,0.10125
256,24,channel_lira_matched,0.001,3.030224923952233,0.012638888888888889,0.03319444444444444
256,24,channel_lira_matched,0.01,1.7402479751538353,0.04652777777777778,0.0926388888888889
256,24,channel_lira_mismatched,0.001,3.116677080161694,0.02652777777777778,0.03972222222222222
256,24,channel_lira_mismatched,0.01,1.763278669596332,0.07277777777777777,0.10305555555555555
256,25,channel_lira_matched,0.001,3.030224923952233,0.012777777777777779,0.034166666666666665
256,25,channel_lira_matched,0.01,1.7402479751538353,0.04652777777777778,0.09027777777777778
256,25,channel_lira_mismatched,0.001,3.116677080161694,0.025972222222222223,0.04013888888888889
256,25,channel_lira_mismatched,0.01,1.763278669596332,0.07222222222222222,0.10569444444444444
256,26,channel_lira_matched,0.001,3.030224923952233,0.012638888888888889,0.03263888888888889
256,26,channel_lira_matched,0.01,1.7402479751538353,0.04597222222222222,0.09083333333333334
256,26,channel_lira_mismatched,0.001,3.116677080161694,0.025833333333333333,0.03875
256,26,channel_lira_mismatched,0.01,1.763278669596332,0.07277777777777777,0.1025
256,27,channel_lira_matched,0.001,3.030224923952233,0.011805555555555555,0.03305555555555555
256,27,channel_lira_matched,0.01,1.7402479751538353,0.04736111111111111,0.08972222222222222
256,27,channel_lira_mismatched,0.001,3.116677080161694,0.025138888888888888,0.03944444444444444
256,27,channel_lira_mismatched,0.01,1.763278669596332,0.07208333333333333,0.10305555555555555
256,28,channel_lira_matched,0.001,3.030224923952233,0.0125,0.034305555555555554
256,28,channel_lira_matched,0.01,1.7402479751538353,0.04555555555555556,0.0925
256,28,channel_lira_mismatched,0.001,3.116677080161694,0.025277777777777777,0.03847222222222222
256,28,channel_lira_mismatched,0.01,1.763278669596332,0.07388888888888889,0.10513888888888889
256,29,channel_lira_matched,0.001,3.030224923952233,0.012916666666666667,0.035277777777777776
256,29,channel_lira_matched,0.01,1.7402479751538353,0.05125,0.08916666666666667
256,29,channel_lira_mismatched,0.001,3.116677080161694,0.02625,0.03986111111111111
256,29,channel_lira_mismatched,0.01,1.763278669596332,0.07375,0.10263888888888889
512,0,channel_lira_matched,0.001,3.0314143177475903,0.014027777777777778,0.037083333333333336
512,0,channel_lira_matched,0.01,1.733117785096795,0.05138888888888889,0.095
512,0,channel_lira_mismatched,0.001,3.04258950898225,0.02666666666666667,0.044305555555555556
512,0,channel_lira_mismatched,0.01,1.7929533369475623,0.07305555555555555,0.10375
512,1,channel_lira_matched,0.001,3.0314143177475903,0.015,0.035
512,1,channel_lira_matched,0.01,1.733117785096795,0.049305555555555554,0.09333333333333334
512,1,channel_lira_mismatched,0.001,3.04258950898225,0.02652777777777778,0.044305555555555556
512,1,channel_lira_mismatched,0.01,1.7929533369475623,0.07458333333333333,0.10486111111111111
512,2,channel_lira_matched,0.001,3.0314143177475903,0.014305555555555556,0.034861111111111114
512,2,channel_lira_matched,0.01,1.733117785096795,0.0525,0.09763888888888889
512,2,channel_lira_mismatched,0.001,3.04258950898225,0.026944444444444444,0.04555555555555556
512,2,channel_lira_mismatched,0.01,1.7929533369475623,0.07388888888888889,0.10222222222222223
512,3,channel_lira_matched,0.001,3.0314143177475903,0.01375,0.035833333333333335
512,3,channel_lira_matched,0.01,1.733117785096795,0.050833333333333335,0.09513888888888888
512,3,channel_lira_mismatched,0.001,3.04258950898225,0.026944444444444444,0.04402777777777778
512,3,channel_lira_mismatched,0.01,1.7929533369475623,0.07416666666666667,0.10347222222222222
512,4,channel_lira_matched,0.001,3.0314143177475903,0.015833333333333335,0.035555555555555556
512,4,channel_lira_matched,0.01,1.733117785096795,0.05125,0.09430555555555556
512,4,channel_lira_mismatched,0.001,3.04258950898225,0.0275,0.042638888888888886
512,4,channel_lira_mismatched,0.01,1.7929533369475623,0.07388888888888889,0.10152777777777777
512,5,channel_lira_matched,0.001,3.0314143177475903,0.01625,0.035277777777777776
512,5,channel_lira_matched,0.01,1.733117785096795,0.050416666666666665,0.09416666666666666
512,5,channel_lira_mismatched,0.001,3.04258950898225,0.02736111111111111,0.044305555555555556
512,5,channel_lira_mismatched,0.01,1.7929533369475623,0.07430555555555556,0.10277777777777777
512,6,channel_lira_matched,0.001,3.0314143177475903,0.014305555555555556,0.03777777777777778
512,6,channel_lira_matched,0.01,1.733117785096795,0.05125,0.09333333333333334
512,6,channel_lira_mismatched,0.001,3.04258950898225,0.026805555555555555,0.04416666666666667
512,6,channel_lira_mismatched,0.01,1.7929533369475623,0.07472222222222222,0.10416666666666667
512,7,channel_lira_matched,0.001,3.0314143177475903,0.014722222222222222,0.03666666666666667
512,7,channel_lira_matched,0.01,1.733117785096795,0.051111111111111114,0.09583333333333334
512,7,channel_lira_mismatched,0.001,3.04258950898225,0.027083333333333334,0.04527777777777778
512,7,channel_lira_mismatched,0.01,1.7929533369475623,0.07305555555555555,0.10347222222222222
512,8,channel_lira_matched,0.001,3.0314143177475903,0.014166666666666666,0.03611111111111111
512,8,channel_lira_matched,0.01,1.733117785096795,0.04958333333333333,0.09513888888888888
512,8,channel_lira_mismatched,0.001,3.04258950898225,0.02736111111111111,0.04472222222222222
512,8,channel_lira_mismatched,0.01,1.7929533369475623,0.07291666666666667,0.10125
512,9,channel_lira_matched,0.001,3.0314143177475903,0.015,0.03652777777777778
512,9,channel_lira_matched,0.01,1.733117785096795,0.051805555555555556,0.09638888888888889
512,9,channel_lira_mismatched,0.001,3.04258950898225,0.02722222222222222,0.04402777777777778
512,9,channel_lira_mismatched,0.01,1.7929533369475623,0.07333333333333333,0.10319444444444445
512,10,channel_lira_matched,0.001,3.0314143177475903,0.014583333333333334,0.037083333333333336
512,10,channel_lira_matched,0.01,1.733117785096795,0.051944444444444446,0.09569444444444444
512,10,channel_lira_mismatched,0.001,3.04258950898225,0.02722222222222222,0.04472222222222222
512,10,channel_lira_mismatched,0.01,1.7929533369475623,0.07319444444444445,0.10375
512,11,channel_lira_matched,0.001,3.0314143177475903,0.015833333333333335,0.03611111111111111
512,11,channel_lira_matched,0.01,1.733117785096795,0.05347222222222222,0.09666666666666666
512,11,channel_lira_mismatched,0.001,3.04258950898225,0.026944444444444444,0.043333333333333335
512,11,channel_lira_mismatched,0.01,1.7929533369475623,0.07611111111111112,0.10236111111111111
512,12,channel_lira_matched,0.001,3.0314143177475903,0.015416666666666667,0.03722222222222222
512,12,channel_lira_matched,0.01,1.733117785096795,0.050833333333333335,0.09430555555555556
512,12,channel_lira_mismatched,0.001,3.04258950898225,0.02736111111111111,0.04375
512,12,channel_lira_mismatched,0.01,1.7929533369475623,0.07347222222222222,0.10069444444444445
512,13,channel_lira_matched,0.001,3.0314143177475903,0.014861111111111111,0.03625
512,13,channel_lira_matched,0.01,1.733117785096795,0.051666666666666666,0.09666666666666666
512,13,channel_lira_mismatched,0.001,3.04258950898225,0.02763888888888889,0.044583333333333336
512,13,channel_lira_mismatched,0.01,1.7929533369475623,0.07375,0.10402777777777777
512,14,channel_lira_matched,0.001,3.0314143177475903,0.014583333333333334,0.03652777777777778
512,14,channel_lira_matched,0.01,1.733117785096795,0.05,0.09597222222222222
512,14,channel_lira_mismatched,0.001,3.04258950898225,0.02763888888888889,0.04375
512,14,channel_lira_mismatched,0.01,1.7929533369475623,0.07388888888888889,0.10388888888888889
512,15,channel_lira_matched,0.001,3.0314143177475903,0.01513888888888889,0.03652777777777778
512,15,channel_lira_matched,0.01,1.733117785096795,0.051944444444444446,0.09513888888888888
512,15,channel_lira_mismatched,0.001,3.04258950898225,0.02722222222222222,0.04388888888888889
512,15,channel_lira_mismatched,0.01,1.7929533369475623,0.07430555555555556,0.10361111111111111
512,16,channel_lira_matched,0.001,3.0314143177475903,0.014027777777777778,0.03652777777777778
512,16,channel_lira_matched,0.01,1.733117785096795,0.05416666666666667,0.095
512,16,channel_lira_mismatched,0.001,3.04258950898225,0.02763888888888889,0.043055555555555555
512,16,channel_lira_mismatched,0.01,1.7929533369475623,0.07347222222222222,0.10375
512,17,channel_lira_matched,0.001,3.0314143177475903,0.014583333333333334,0.03666666666666667
512,17,channel_lira_matched,0.01,1.733117785096795,0.050972222222222224,0.09680555555555556
512,17,channel_lira_mismatched,0.001,3.04258950898225,0.028333333333333332,0.04388888888888889
512,17,channel_lira_mismatched,0.01,1.7929533369475623,0.07486111111111111,0.10486111111111111
512,18,channel_lira_matched,0.001,3.0314143177475903,0.014305555555555556,0.0375
512,18,channel_lira_matched,0.01,1.733117785096795,0.05125,0.09583333333333334
512,18,channel_lira_mismatched,0.001,3.04258950898225,0.02763888888888889,0.04388888888888889
512,18,channel_lira_mismatched,0.01,1.7929533369475623,0.07666666666666666,0.10375
512,19,channel_lira_matched,0.001,3.0314143177475903,0.01513888888888889,0.03611111111111111
512,19,channel_lira_matched,0.01,1.733117785096795,0.05125,0.09430555555555556
512,19,channel_lira_mismatched,0.001,3.04258950898225,0.0275,0.043472222222222225
512,19,channel_lira_mismatched,0.01,1.7929533369475623,0.07416666666666667,0.10388888888888889
512,20,channel_lira_matched,0.001,3.0314143177475903,0.015416666666666667,0.035833333333333335
512,20,channel_lira_matched,0.01,1.733117785096795,0.051527777777777777,0.09625
512,20,channel_lira_mismatched,0.001,3.04258950898225,0.02736111111111111,0.04388888888888889
512,20,channel_lira_mismatched,0.01,1.7929533369475623,0.07416666666666667,0.10111111111111111
512,21,channel_lira_matched,0.001,3.0314143177475903,0.014444444444444444,0.03625
512,21,channel_lira_matched,0.01,1.733117785096795,0.050555555555555555,0.09666666666666666
512,21,channel_lira_mismatched,0.001,3.04258950898225,0.027083333333333334,0.04416666666666667
512,21,channel_lira_mismatched,0.01,1.7929533369475623,0.07347222222222222,0.10166666666666667
512,22,channel_lira_matched,0.001,3.0314143177475903,0.01361111111111111,0.035972222222222225
512,22,channel_lira_matched,0.01,1.733117785096795,0.049166666666666664,0.09555555555555556
512,22,channel_lira_mismatched,0.001,3.04258950898225,0.0275,0.042083333333333334
512,22,channel_lira_mismatched,0.01,1.7929533369475623,0.07361111111111111,0.10333333333333333
512,23,channel_lira_matched,0.001,3.0314143177475903,0.014583333333333334,0.03722222222222222
512,23,channel_lira_matched,0.01,1.733117785096795,0.05125,0.09458333333333334
512,23,channel_lira_mismatched,0.001,3.04258950898225,0.02666666666666667,0.04416666666666667
512,23,channel_lira_mismatched,0.01,1.7929533369475623,0.07458333333333333,0.10236111111111111
512,24,channel_lira_matched,0.001,3.0314143177475903,0.014166666666666666,0.03666666666666667
512,24,channel_lira_matched,0.01,1.733117785096795,0.050555555555555555,0.09472222222222222
512,24,channel_lira_mismatched,0.001,3.04258950898225,0.028055555555555556,0.04402777777777778
512,24,channel_lira_mismatched,0.01,1.7929533369475623,0.07555555555555556,0.10291666666666667
512,25,channel_lira_matched,0.001,3.0314143177475903,0.014444444444444444,0.03861111111111111
512,25,channel_lira_matched,0.01,1.733117785096795,0.051666666666666666,0.09472222222222222
512,25,channel_lira_mismatched,0.001,3.04258950898225,0.0275,0.04472222222222222
512,25,channel_lira_mismatched,0.01,1.7929533369475623,0.07333333333333333,0.10375
512,26,channel_lira_matched,0.001,3.0314143177475903,0.015555555555555555,0.03652777777777778
512,26,channel_lira_matched,0.01,1.733117785096795,0.051805555555555556,0.095
512,26,channel_lira_mismatched,0.001,3.04258950898225,0.02666666666666667,0.045
512,26,channel_lira_mismatched,0.01,1.7929533369475623,0.07472222222222222,0.10388888888888889
512,27,channel_lira_matched,0.001,3.0314143177475903,0.015555555555555555,0.03777777777777778
512,27,channel_lira_matched,0.01,1.733117785096795,0.050972222222222224,0.095
512,27,channel_lira_mismatched,0.001,3.04258950898225,0.028055555555555556,0.04416666666666667
512,27,channel_lira_mismatched,0.01,1.7929533369475623,0.07305555555555555,0.10222222222222223
512,28,channel_lira_matched,0.001,3.0314143177475903,0.015277777777777777,0.03777777777777778
512,28,channel_lira_matched,0.01,1.733117785096795,0.051111111111111114,0.09375
512,28,channel_lira_mismatched,0.001,3.04258950898225,0.02763888888888889,0.044305555555555556
512,28,channel_lira_mismatched,0.01,1.7929533369475623,0.07305555555555555,0.10222222222222223
512,29,channel_lira_matched,0.001,3.0314143177475903,0.014861111111111111,0.035833333333333335
512,29,channel_lira_matched,0.01,1.733117785096795,0.050972222222222224,0.09597222222222222
512,29,channel_lira_mismatched,0.001,3.04258950898225,0.02722222222222222,0.044583333333333336
512,29,channel_lira_mismatched,0.01,1.7929533369475623,0.07277777777777777,0.10375
1024,0,channel_lira_matched,0.001,2.9907316332867144,0.018194444444444444,0.03986111111111111
1024,0,channel_lira_matched,0.01,1.7599082154646342,0.05333333333333334,0.09583333333333334
1024,0,channel_lira_mismatched,0.001,3.1326155265113305,0.026805555555555555,0.041944444444444444
1024,0,channel_lira_mismatched,0.01,1.788672710373419,0.07486111111111111,0.10486111111111111
1024,1,channel_lira_matched,0.001,2.9907316332867144,0.016527777777777777,0.03944444444444444
1024,1,channel_lira_matched,0.01,1.7599082154646342,0.0525,0.0948611111111111
1024,1,channel_lira_mismatched,0.001,3.1326155265113305,0.027083333333333334,0.042638888888888886
1024,1,channel_lira_mismatched,0.01,1.788672710373419,0.07541666666666667,0.10513888888888889
1024,2,channel_lira_matched,0.001,2.9907316332867144,0.017222222222222222,0.03875
1024,2,channel_lira_matched,0.01,1.7599082154646342,0.05402777777777778,0.09888888888888889
1024,2,channel_lira_mismatched,0.001,3.1326155265113305,0.02722222222222222,0.043055555555555555
1024,2,channel_lira_mismatched,0.01,1.788672710373419,0.07694444444444444,0.10486111111111111
1024,3,channel_lira_matched,0.001,2.9907316332867144,0.018055555555555554,0.04013888888888889
1024,3,channel_lira_matched,0.01,1.7599082154646342,0.05444444444444444,0.09722222222222222
1024,3,channel_lira_mismatched,0.001,3.1326155265113305,0.02652777777777778,0.044444444444444446
1024,3,channel_lira_mismatched,0.01,1.788672710373419,0.07569444444444444,0.10569444444444444
1024,4,channel_lira_matched,0.001,2.9907316332867144,0.01638888888888889,0.03958333333333333
1024,4,channel_lira_matched,0.01,1.7599082154646342,0.05486111111111111,0.09666666666666666
1024,4,channel_lira_mismatched,0.001,3.1326155265113305,0.02666666666666667,0.042916666666666665
1024,4,channel_lira_mismatched,0.01,1.788672710373419,0.07541666666666667,0.10458333333333333
1024,5,channel_lira_matched,0.001,2.9907316332867144,0.0175,0.04041666666666666
1024,5,channel_lira_matched,0.01,1.7599082154646342,0.05291666666666667,0.09805555555555556
1024,5,channel_lira_mismatched,0.001,3.1326155265113305,0.02666666666666667,0.042916666666666665
1024,5,channel_lira_mismatched,0.01,1.788672710373419,0.07458333333333333,0.10541666666666667
1024,6,channel_lira_matched,0.001,2.9907316332867144,0.0175,0.04027777777777778
1024,6,channel_lira_matched,0.01,1.7599082154646342,0.05458333333333333,0.09680555555555556
1024,6,channel_lira_mismatched,0.001,3.1326155265113305,0.02638888888888889,0.042638888888888886
1024,6,channel_lira_mismatched,0.01,1.788672710373419,0.075,0.10541666666666667
1024,7,channel_lira_matched,0.001,2.9907316332867144,0.017361111111111112,0.03972222222222222
1024,7,channel_lira_matched,0.01,1.7599082154646342,0.05375,0.0975
1024,7,channel_lira_mismatched,0.001,3.1326155265113305,0.02652777777777778,0.043611111111111114
1024,7,channel_lira_mismatched,0.01,1.788672710373419,0.07694444444444444,0.10444444444444445
1024,8,channel_lira_matched,0.001,2.9907316332867144,0.016666666666666666,0.04
1024,8,channel_lira_matched,0.01,1.7599082154646342,0.05402777777777778,0.09708333333333333
1024,8,channel_lira_mismatched,0.001,3.1326155265113305,0.025972222222222223,0.0425
1024,8,channel_lira_mismatched,0.01,1.788672710373419,0.07583333333333334,0.10444444444444445
1024,9,channel_lira_matched,0.001,2.9907316332867144,0.016666666666666666,0.03875
1024,9,channel_lira_matched,0.01,1.7599082154646342,0.0525,0.09694444444444444
1024,9,channel_lira_mismatched,0.001,3.1326155265113305,0.02666666666666667,0.042083333333333334
1024,9,channel_lira_mismatched,0.01,1.788672710373419,0.07708333333333334,0.10513888888888889
1024,10,channel_lira_matched,0.001,2.9907316332867144,0.016944444444444446,0.03916666666666667
1024,10,channel_lira_matched,0.01,1.7599082154646342,0.05402777777777778,0.09722222222222222
1024,10,channel_lira_mismatched,0.001,3.1326155265113305,0.026111111111111113,0.042638888888888886
1024,10,channel_lira_mismatched,0.01,1.788672710373419,0.07527777777777778,0.10430555555555555
1024,11,channel_lira_matched,0.001,2.9907316332867144,0.017083333333333332,0.03805555555555556
1024,11,channel_lira_matched,0.01,1.7599082154646342,0.05263888888888889,0.09625
1024,11,channel_lira_mismatched,0.001,3.1326155265113305,0.025833333333333333,0.043194444444444445
1024,11,channel_lira_mismatched,0.01,1.788672710373419,0.07680555555555556,0.10444444444444445
1024,12,channel_lira_matched,0.001,2.9907316332867144,0.01638888888888889,0.03972222222222222
1024,12,channel_lira_matched,0.01,1.7599082154646342,0.055,0.09722222222222222
1024,12,channel_lira_mismatched,0.001,3.1326155265113305,0.025833333333333333,0.043611111111111114
1024,12,channel_lira_mismatched,0.01,1.788672710373419,0.07555555555555556,0.10347222222222222
1024,13,channel_lira_matched,0.001,2.9907316332867144,0.017916666666666668,0.03972222222222222
1024,13,channel_lira_matched,0.01,1.7599082154646342,0.05375,0.0961111111111111
1024,13,channel_lira_mismatched,0.001,3.1326155265113305,0.02625,0.0425
1024,13,channel_lira_mismatched,0.01,1.788672710373419,0.07569444444444444,0.10611111111111111
1024,14,channel_lira_matched,0.001,2.9907316332867144,0.016527777777777777,0.03986111111111111
1024,14,channel_lira_matched,0.01,1.7599082154646342,0.05527777777777778,0.09680555555555556
1024,14,channel_lira_mismatched,0.001,3.1326155265113305,0.02652777777777778,0.043055555555555555
1024,14,channel_lira_mismatched,0.01,1.788672710373419,0.07625,0.10402777777777777
1024,15,channel_lira_matched,0.001,2.9907316332867144,0.017638888888888888,0.03888888888888889
1024,15,channel_lira_matched,0.01,1.7599082154646342,0.05472222222222222,0.09722222222222222
1024,15,channel_lira_mismatched,0.001,3.1326155265113305,0.025833333333333333,0.042916666666666665
1024,15,channel_lira_mismatched,0.01,1.788672710373419,0.07597222222222222,0.10486111111111111
1024,16,channel_lira_matched,0.001,2.9907316332867144,0.017083333333333332,0.03875
1024,16,channel_lira_matched,0.01,1.7599082154646342,0.05472222222222222,0.09597222222222222
1024,16,channel_lira_mismatched,0.001,3.1326155265113305,0.027083333333333334,0.042638888888888886
1024,16,channel_lira_mismatched,0.01,1.788672710373419,0.07652777777777778,0.10541666666666667
1024,17,channel_lira_matched,0.001,2.9907316332867144,0.017777777777777778,0.04125
1024,17,channel_lira_matched,0.01,1.7599082154646342,0.05333333333333334,0.09888888888888889
1024,17,channel_lira_mismatched,0.001,3.1326155265113305,0.026805555555555555,0.043194444444444445
1024,17,channel_lira_mismatched,0.01,1.788672710373419,0.07708333333333334,0.10430555555555555
1024,18,channel_lira_matched,0.001,2.9907316332867144,0.017222222222222222,0.04041666666666666
1024,18,channel_lira_matched,0.01,1.7599082154646342,0.051666666666666666,0.09777777777777778
1024,18,channel_lira_mismatched,0.001,3.1326155265113305,0.026805555555555555,0.043333333333333335
1024,18,channel_lira_mismatched,0.01,1.788672710373419,0.07708333333333334,0.10416666666666667
1024,19,channel_lira_matched,0.001,2.9907316332867144,0.016666666666666666,0.03847222222222222
1024,19,channel_lira_matched,0.01,1.7599082154646342,0.05361111111111111,0.09625
1024,19,channel_lira_mismatched,0.001,3.1326155265113305,0.02666666666666667,0.04375
1024,19,channel_lira_mismatched,0.01,1.788672710373419,0.07583333333333334,0.105
1024,20,channel_lira_matched,0.001,2.9907316332867144,0.017777777777777778,0.03791666666666667
1024,20,channel_lira_matched,0.01,1.7599082154646342,0.05472222222222222,0.09652777777777778
1024,20,channel_lira_mismatched,0.001,3.1326155265113305,0.026944444444444444,0.042222222222222223
1024,20,channel_lira_mismatched,0.01,1.788672710373419,0.07541666666666667,0.10527777777777778
1024,21,channel_lira_matched,0.001,2.9907316332867144,0.017916666666666668,0.03930555555555556
1024,21,channel_lira_matched,0.01,1.7599082154646342,0.05444444444444444,0.09694444444444444
1024,21,channel_lira_mismatched,0.001,3.1326155265113305,0.026111111111111113,0.0425
1024,21,channel_lira_mismatched,0.01,1.788672710373419,0.07527777777777778,0.10402777777777777
1024,22,channel_lira_matched,0.001,2.9907316332867144,0.0175,0.03833333333333333
1024,22,channel_lira_matched,0.01,1.7599082154646342,0.05347222222222222,0.09888888888888889
1024,22,channel_lira_mismatched,0.001,3.1326155265113305,0.026944444444444444,0.042777777777777776
1024,22,channel_lira_mismatched,0.01,1.788672710373419,0.07694444444444444,0.10444444444444445
1024,23,channel_lira_matched,0.001,2.9907316332867144,0.018194444444444444,0.03861111111111111
1024,23,channel_lira_matched,0.01,1.7599082154646342,0.05347222222222222,0.09805555555555556
1024,23,channel_lira_mismatched,0.001,3.1326155265113305,0.026944444444444444,0.043055555555555555
1024,23,channel_lira_mismatched,0.01,1.788672710373419,0.075,0.10458333333333333
1024,24,channel_lira_matched,0.001,2.9907316332867144,0.017638888888888888,0.04027777777777778
1024,24,channel_lira_matched,0.01,1.7599082154646342,0.05513888888888889,0.09666666666666666
1024,24,channel_lira_mismatched,0.001,3.1326155265113305,0.02652777777777778,0.041805555555555554
1024,24,channel_lira_mismatched,0.01,1.788672710373419,0.07597222222222222,0.10319444444444445
1024,25,channel_lira_matched,0.001,2.9907316332867144,0.017361111111111112,0.03930555555555556
1024,25,channel_lira_matched,0.01,1.7599082154646342,0.05361111111111111,0.09763888888888889
1024,25,channel_lira_mismatched,0.001,3.1326155265113305,0.026944444444444444,0.043055555555555555
1024,25,channel_lira_mismatched,0.01,1.788672710373419,0.07527777777777778,0.10347222222222222
1024,26,channel_lira_matched,0.001,2.9907316332867144,0.016944444444444446,0.04041666666666666
1024,26,channel_lira_matched,0.01,1.7599082154646342,0.05333333333333334,0.09625
1024,26,channel_lira_mismatched,0.001,3.1326155265113305,0.02638888888888889,0.043194444444444445
1024,26,channel_lira_mismatched,0.01,1.788672710373419,0.07541666666666667,0.10569444444444444
1024,27,channel_lira_matched,0.001,2.9907316332867144,0.016805555555555556,0.03888888888888889
1024,27,channel_lira_matched,0.01,1.7599082154646342,0.05277777777777778,0.0961111111111111
1024,27,channel_lira_mismatched,0.001,3.1326155265113305,0.02666666666666667,0.042222222222222223
1024,27,channel_lira_mismatched,0.01,1.788672710373419,0.07569444444444444,0.10569444444444444
1024,28,channel_lira_matched,0.001,2.9907316332867144,0.017777777777777778,0.03888888888888889
1024,28,channel_lira_matched,0.01,1.7599082154646342,0.05486111111111111,0.09763888888888889
1024,28,channel_lira_mismatched,0.001,3.1326155265113305,0.02763888888888889,0.042222222222222223
1024,28,channel_lira_mismatched,0.01,1.788672710373419,0.07736111111111112,0.10611111111111111
1024,29,channel_lira_matched,0.001,2.9907316332867144,0.0175,0.04055555555555555
1024,29,channel_lira_matched,0.01,1.7599082154646342,0.05416666666666667,0.09791666666666667
1024,29,channel_lira_mismatched,0.001,3.1326155265113305,0.025833333333333333,0.04236111111111111
1024,29,channel_lira_mismatched,0.01,1.788672710373419,0.07652777777777778,0.10347222222222222
