scope,shots,contrast,n_replicates,auc_difference_median,auc_difference_q05,auc_difference_q95,advantage_difference_median,advantage_difference_q05,advantage_difference_q95,tpr_at_0_1pct_fpr_difference_median,tpr_at_0_1pct_fpr_difference_q05,tpr_at_0_1pct_fpr_difference_q95,tpr_at_1pct_fpr_difference_median,tpr_at_1pct_fpr_difference_q05,tpr_at_1pct_fpr_difference_q95,tpr_at_5pct_fpr_difference_median,tpr_at_5pct_fpr_difference_q05,tpr_at_5pct_fpr_difference_q95
eff_su2_r1_d2,1024,matched_minus_deconvolved_mean,30,-0.007936111111111088,-0.01144625000000003,-0.0028400000000000504,-0.009166666666666656,-0.017583333333333236,0.00016666666666671098,0.005,-0.0018333333333333329,0.01258333333333333,0.006666666666666668,-0.003333333333333334,0.014249999999999997,-0.005833333333333333,-0.014249999999999994,0.005166666666666661
eff_su2_r1_d2,1024,matched_minus_mismatched,30,-0.0018847222222221904,-0.006178750000000033,0.00568763888888884,0.0016666666666667052,-0.011083333333333355,0.011666666666666664,0.005,0.0033333333333333335,0.01258333333333333,0.018333333333333333,0.013333333333333332,0.028333333333333335,0.013333333333333336,0.0016666666666666635,0.023333333333333338
eff_su2_r1_d2,1024,matched_minus_naive_mean,30,-0.0018513888888889163,-0.00629736111111111,0.005620555555555568,0.0016666666666667052,-0.012583333333333401,0.010916666666666693,0.005,0.0033333333333333335,0.01258333333333333,0.018333333333333333,0.012416666666666666,0.029249999999999995,0.015833333333333335,0.0007499999999999989,0.023333333333333338
eff_su2_r1_d2,128,matched_minus_deconvolved_mean,30,-0.010884722222222143,-0.01959777777777773,-0.0016002777777778655,-0.01833333333333334,-0.033333333333333354,1.1102230246250934e-17,0.004166666666666667,0.0,0.013333333333333334,0.018333333333333333,-0.0021666666666666657,0.031833333333333325,0.008333333333333331,-0.008083333333333331,0.022749999999999982
eff_su2_r1_d2,128,matched_minus_mismatched,30,-0.006766666666666643,-0.018159166666666747,0.002042222222222242,-0.008333333333333304,-0.028500000000000043,0.008500000000000014,0.004166666666666667,0.0,0.013333333333333334,0.021666666666666667,0.008333333333333333,0.03258333333333333,0.013333333333333336,-0.0034999999999999996,0.03516666666666665
eff_su2_r1_d2,128,matched_minus_naive_mean,30,-0.005954166666666649,-0.019382361111111118,0.0027395833333333495,-0.012499999999999942,-0.03758333333333325,0.007916666666666624,0.004166666666666667,0.0,0.013333333333333334,0.02333333333333333,0.01075,0.03349999999999999,0.02666666666666667,0.008333333333333335,0.04441666666666666
eff_su2_r1_d2,256,matched_minus_deconvolved_mean,30,-0.010112499999999913,-0.02048305555555554,-0.0016261111111112137,-0.017499999999999988,-0.02925000000000007,-0.002416666666666677,0.004999999999999999,0.0016666666666666668,0.010916666666666663,0.013333333333333336,0.0007500000000000004,0.02866666666666665,-0.0008333333333333318,-0.013333333333333332,0.021083333333333322
eff_su2_r1_d2,256,matched_minus_mismatched,30,-0.007376388888888974,-0.013114027777777749,0.003499444444444506,-0.003333333333333424,-0.01941666666666677,0.005916666666666652,0.005,0.0016666666666666668,0.010916666666666663,0.024999999999999998,0.01575,0.034249999999999996,0.015,-0.002583333333333335,0.026666666666666665
eff_su2_r1_d2,256,matched_minus_naive_mean,30,-0.0062194444444445,-0.013324722222222179,0.004366111111111098,-0.008333333333333345,-0.025166666666666632,0.007750000000000017,0.005,0.0016666666666666668,0.010916666666666663,0.024999999999999998,0.01575,0.035,0.021666666666666667,0.005583333333333334,0.03549999999999997
eff_su2_r1_d2,32,matched_minus_deconvolved_mean,30,-0.012448611111111119,-0.028785277777777812,-0.0019090277777778267,-0.020000000000000046,-0.04533333333333326,0.008499999999999992,0.0033333333333333335,-0.0009166666666666664,0.01,0.015833333333333335,0.0015,0.024416666666666653,0.018333333333333333,-0.006666666666666668,0.046833333333333324
eff_su2_r1_d2,32,matched_minus_mismatched,30,-0.0074222222222222745,-0.017262083333333393,0.0016720833333333466,-0.005833333333333336,-0.027749999999999938,0.01275000000000001,0.0033333333333333335,0.0,0.008333333333333335,0.0125,0.004083333333333334,0.02016666666666666,0.013333333333333326,-0.0075833333333333395,0.034249999999999996
eff_su2_r1_d2,32,matched_minus_naive_mean,30,-0.012927777777777816,-0.02518652777777782,0.0014716666666666216,-0.02000000000000006,-0.04091666666666664,0.008499999999999976,0.0033333333333333335,0.0,0.009249999999999996,0.01666666666666667,0.007250000000000001,0.02591666666666666,0.022500000000000003,0.012416666666666664,0.043666666666666645
eff_su2_r1_d2,512,matched_minus_deconvolved_mean,30,-0.007701388888888883,-0.013621666666666666,-0.0031348611111111264,-0.010833333333333361,-0.020916666666666594,-0.004999999999999893,0.005833333333333334,-0.0018333333333333326,0.01258333333333333,0.005833333333333331,-0.005000000000000001,0.021666666666666667,-0.003333333333333334,-0.015916666666666662,0.015166666666666656
eff_su2_r1_d2,512,matched_minus_mismatched,30,-0.003940277777777779,-0.0113180555555556,0.0058465277777777465,-0.003333333333333355,-0.017583333333333295,0.021666666666666643,0.006666666666666667,0.0007500000000000003,0.01258333333333333,0.021666666666666667,0.014833333333333334,0.03258333333333333,0.015000000000000003,-0.0009166666666666646,0.026666666666666672
eff_su2_r1_d2,512,matched_minus_naive_mean,30,-0.003969444444444414,-0.011057361111111153,0.005736111111111114,-0.006666666666666599,-0.023499999999999986,0.015333333333333275,0.006666666666666667,0.0007500000000000003,0.01258333333333333,0.021666666666666667,0.014833333333333334,0.03258333333333333,0.020833333333333332,0.002083333333333334,0.03
eff_su2_r1_d2,64,matched_minus_deconvolved_mean,30,-0.012213888888888913,-0.02268472222222224,-0.0015572222222222604,-0.01583333333333333,-0.03425000000000002,-0.0007499999999999853,0.005,0.0,0.01758333333333333,0.020833333333333336,-0.008333333333333331,0.031833333333333325,0.012500000000000004,0.0,0.027583333333333328
eff_su2_r1_d2,64,matched_minus_mismatched,30,-0.005805555555555564,-0.018891805555555603,0.0078069444444444575,-0.010000000000000023,-0.026666666666666658,0.016999999999999918,0.005,0.0,0.01758333333333333,0.018333333333333333,0.009083333333333334,0.030000000000000002,0.011666666666666659,-0.003333333333333338,0.026666666666666672
eff_su2_r1_d2,64,matched_minus_naive_mean,30,-0.006833333333333358,-0.02663569444444442,0.008143055555555575,-0.019999999999999976,-0.030916666666666728,0.01683333333333327,0.005,0.0,0.01758333333333333,0.02,0.009083333333333334,0.03258333333333333,0.025833333333333333,0.014083333333333335,0.03925
eff_su2_r1_d6,1024,matched_minus_deconvolved_mean,30,0.011351388888888925,0.0023206944444444386,0.0164208333333333,0.011666666666666686,-0.0009166666666666515,0.019999999999999993,0.003333333333333333,-0.0016666666666666668,0.010916666666666663,0.013333333333333332,-0.0010833333333333346,0.02591666666666666,-0.0016666666666666635,-0.012583333333333337,0.013499999999999986
eff_su2_r1_d6,1024,matched_minus_mismatched,30,0.041652777777777816,0.03051388888888882,0.05261416666666668,0.033333333333333326,0.013916666666666697,0.06599999999999993,0.005,-0.0016666666666666668,0.01258333333333333,0.023333333333333338,0.015,0.03349999999999999,0.04666666666666667,0.036500000000000005,0.05833333333333333
eff_su2_r1_d6,1024,matched_minus_naive_mean,30,0.041266666666666674,0.0301504166666666,0.053018749999999906,0.03333333333333334,0.018166666666666727,0.06583333333333327,0.0033333333333333335,-0.0042499999999999994,0.010916666666666663,0.021666666666666667,0.015,0.03349999999999999,0.045,0.03575,0.055
eff_su2_r1_d6,128,matched_minus_deconvolved_mean,30,0.014087500000000086,0.0072579166666667085,0.0268144444444444,0.019999999999999962,-7.632783294297949e-18,0.03425000000000004,0.0033333333333333335,-0.0033333333333333335,0.009249999999999996,0.018333333333333333,0.006666666666666666,0.03666666666666667,0.016666666666666663,-0.006083333333333329,0.039416666666666655
eff_su2_r1_d6,128,matched_minus_mismatched,30,0.030291666666666606,0.018076111111111078,0.04851861111111107,0.031666666666666676,0.006499999999999959,0.06425000000000002,0.004166666666666667,0.0,0.01,0.026666666666666665,0.014833333333333334,0.040916666666666664,0.03583333333333333,0.02166666666666667,0.05941666666666666
eff_su2_r1_d6,128,matched_minus_naive_mean,30,0.02935833333333332,0.014268472222222245,0.049127777777777756,0.027500000000000024,-0.0027499999999999404,0.06625,0.0025,-0.0016666666666666668,0.007583333333333329,0.020833333333333332,0.009083333333333334,0.03516666666666666,0.03833333333333333,0.015,0.05699999999999998
eff_su2_r1_d6,256,matched_minus_deconvolved_mean,30,0.012999999999999956,0.003760694444444418,0.018594166666666634,0.014166666666666633,0.00333333333333338,0.029249999999999894,0.004166666666666667,-0.0042499999999999994,0.014249999999999995,0.019999999999999997,0.007416666666666666,0.03108333333333332,0.006666666666666668,-0.011583333333333331,0.021249999999999984
eff_su2_r1_d6,256,matched_minus_mismatched,30,0.03593333333333332,0.028073611111111126,0.049873611111111105,0.031666666666666586,0.008333333333333378,0.05774999999999996,0.006666666666666667,0.0,0.014249999999999995,0.026666666666666665,0.01725,0.03683333333333332,0.04333333333333333,0.02541666666666667,0.05666666666666667
eff_su2_r1_d6,256,matched_minus_naive_mean,30,0.03573611111111108,0.027113055555555494,0.05001166666666668,0.02833333333333332,0.003333333333333395,0.05166666666666666,0.005833333333333333,-0.0016666666666666668,0.013499999999999991,0.020833333333333332,0.01075,0.03199999999999998,0.042499999999999996,0.02891666666666667,0.055916666666666656
eff_su2_r1_d6,32,matched_minus_deconvolved_mean,30,0.011579166666666585,0.002679027777777826,0.024894444444444483,0.010833333333333334,-0.0033333333333333296,0.027749999999999924,0.0016666666666666668,-0.0025833333333333333,0.005916666666666662,0.006666666666666667,-0.0018333333333333322,0.022583333333333327,0.015833333333333335,-0.0085,0.030166666666666658
eff_su2_r1_d6,32,matched_minus_mismatched,30,0.027995833333333275,0.01792625,0.04049736111111111,0.02999999999999997,0.009083333333333306,0.055166666666666676,0.0016666666666666668,0.0,0.00849999999999999,0.015,0.005,0.021666666666666667,0.009999999999999998,-0.002583333333333335,0.02683333333333333
eff_su2_r1_d6,32,matched_minus_naive_mean,30,0.02597916666666661,0.010834027777777755,0.03869111111111114,0.024999999999999994,0.007416666666666677,0.049166666666666616,0.0,-0.0025833333333333333,0.006833333333333324,0.015,0.005750000000000001,0.024249999999999997,0.023333333333333334,0.009083333333333334,0.04199999999999999
eff_su2_r1_d6,512,matched_minus_deconvolved_mean,30,0.009991666666666676,0.0034538888888888397,0.017344305555555533,0.013333333333333308,0.0005833333333333589,0.027750000000000004,0.006666666666666666,-0.0033333333333333335,0.010916666666666661,0.0225,0.005583333333333334,0.029249999999999995,0.009999999999999995,-0.008500000000000004,0.025166666666666664
eff_su2_r1_d6,512,matched_minus_mismatched,30,0.04101250000000006,0.029830138888888903,0.054270555555555634,0.03500000000000007,0.01725000000000002,0.06425,0.008333333333333333,0.0,0.013333333333333334,0.026666666666666665,0.019083333333333334,0.03608333333333332,0.0475,0.03741666666666667,0.05425
eff_su2_r1_d6,512,matched_minus_naive_mean,30,0.04092222222222222,0.02939500000000005,0.054706944444444516,0.03500000000000003,0.01741666666666663,0.06424999999999999,0.005833333333333333,-0.0034999999999999996,0.011666666666666667,0.023333333333333334,0.015000000000000001,0.03349999999999999,0.04583333333333333,0.03225,0.05258333333333332
eff_su2_r1_d6,64,matched_minus_deconvolved_mean,30,0.014519444444444418,0.003758055555555529,0.025622499999999958,0.011666666666666686,-0.008499999999999938,0.03441666666666656,0.0025,0.0,0.005916666666666662,0.018333333333333333,-0.00016666666666666522,0.028333333333333335,0.015000000000000006,-0.002583333333333328,0.030916666666666662
eff_su2_r1_d6,64,matched_minus_mismatched,30,0.03287638888888883,0.018789583333333366,0.04841666666666668,0.03333333333333333,0.011666666666666659,0.07083333333333326,0.0033333333333333335,0.0,0.005916666666666662,0.026666666666666665,0.013333333333333332,0.03758333333333333,0.026666666666666665,-0.0023333333333333314,0.03833333333333334
eff_su2_r1_d6,64,matched_minus_naive_mean,30,0.025681944444444466,0.011388194444444421,0.042008194444444404,0.02000000000000003,-0.0020000000000000144,0.05974999999999994,0.0016666666666666668,-0.002583333333333333,0.005916666666666662,0.021666666666666667,0.005,0.032583333333333325,0.03166666666666667,0.013000000000000001,0.04591666666666666
eff_su2_r5_d2,1024,matched_minus_deconvolved_mean,30,0.0029222222222221594,-0.006355833333333355,0.011508888888888857,0.0033333333333332993,-0.01000000000000004,0.01666666666666667,0.0,0.0,0.0,-0.006666666666666666,-0.014249999999999999,0.0,0.0125,-0.007583333333333336,0.033499999999999995
eff_su2_r5_d2,1024,matched_minus_mismatched,30,-0.009537499999999866,-0.014919722222222303,-0.0016762499999999363,0.004999999999999977,-0.004999999999999979,0.019416666666666672,0.0,0.0,0.0,0.0016666666666666668,0.0,0.0033333333333333335,-0.023333333333333334,-0.028333333333333335,-0.011666666666666662
eff_su2_r5_d2,1024,matched_minus_naive_mean,30,-0.008741666666666648,-0.014038472222222226,-0.0008881944444444024,0.006666666666666626,-0.003333333333333274,0.02108333333333335,0.0,0.0,0.0,0.0016666666666666668,0.0,0.0033333333333333335,-0.021666666666666667,-0.02758333333333333,-0.01241666666666667
eff_su2_r5_d2,128,matched_minus_deconvolved_mean,30,0.00947916666666665,-0.0041572222222221785,0.022024583333333295,0.007499999999999951,-0.008500000000000023,0.021666666666666622,0.0,-0.0016666666666666668,0.0,-0.01,-0.020166666666666666,0.0018333333333333238,0.021666666666666667,0.007416666666666663,0.03516666666666666
eff_su2_r5_d2,128,matched_minus_mismatched,30,-0.002369444444444424,-0.010860972222222227,0.007154583333333336,0.009166666666666684,-0.008499999999999999,0.030916666666666648,0.0,0.0,0.0,0.0,0.0,0.0033333333333333335,-0.024166666666666666,-0.03833333333333334,-0.015
eff_su2_r5_d2,128,matched_minus_naive_mean,30,0.0016027777777778973,-0.00677916666666658,0.012446666666666691,0.01749999999999996,-0.003499999999999939,0.03833333333333333,0.0,0.0,0.0,0.0,0.0,0.004249999999999995,-0.02083333333333333,-0.03758333333333334,-0.006500000000000011
eff_su2_r5_d2,256,matched_minus_deconvolved_mean,30,0.007420833333333321,-0.0024687499999999528,0.017051111111111034,0.0033333333333332993,-0.018500000000000003,0.02258333333333332,0.0,0.0,0.0,-0.006666666666666667,-0.015,0.0,0.02583333333333333,-0.0009166666666666685,0.04199999999999998
eff_su2_r5_d2,256,matched_minus_mismatched,30,-0.001973611111111162,-0.01143916666666665,0.005707083333333412,0.007500000000000007,-0.007750000000000031,0.019999999999999907,0.0,0.0,0.0,0.0,0.0,0.004249999999999995,-0.0275,-0.03683333333333333,-0.012416666666666671
eff_su2_r5_d2,256,matched_minus_naive_mean,30,0.0008152777777777342,-0.008830833333333343,0.009036111111111154,0.010000000000000009,-0.002583333333333362,0.02424999999999994,0.0,0.0,0.0,0.0,0.0,0.004249999999999995,-0.020000000000000004,-0.03183333333333333,-0.012416666666666677
eff_su2_r5_d2,32,matched_minus_deconvolved_mean,30,0.021805555555555522,0.0072286111111111,0.03418263888888894,0.02416666666666667,-0.00016666666666660885,0.04758333333333332,0.0,-0.0025833333333333333,0.0,0.0,-0.015166666666666665,0.009249999999999996,0.0125,-0.007750000000000002,0.028333333333333335
eff_su2_r5_d2,32,matched_minus_mismatched,30,-0.005118055555555556,-0.015483194444444449,0.009298472222222262,0.005000000000000032,-0.02016666666666661,0.03125000000000002,0.0,0.0,0.0,0.0033333333333333335,-0.0016666666666666668,0.011666666666666667,-0.01916666666666667,-0.036083333333333335,-0.00483333333333334
eff_su2_r5_d2,32,matched_minus_naive_mean,30,0.006900000000000017,-0.007740972222222209,0.01932083333333329,0.023333333333333317,-0.0025833333333332817,0.04166666666666671,0.0,0.0,0.0,0.0033333333333333335,-0.0016666666666666668,0.011666666666666667,-0.02583333333333333,-0.035,0.000916666666666664
eff_su2_r5_d2,512,matched_minus_deconvolved_mean,30,0.006938888888888883,-0.0054676388888888535,0.014853611111111192,0.004166666666666652,-0.008499999999999973,0.01666666666666672,0.0,0.0,0.0,-0.006666666666666666,-0.011666666666666667,-0.0007500000000000048,0.02083333333333333,0.0007499999999999989,0.03925
eff_su2_r5_d2,512,matched_minus_mismatched,30,-0.006152777777777785,-0.014002222222222176,-0.002015416666666654,0.009166666666666712,-0.01166666666666669,0.02183333333333337,0.0,0.0,0.0,0.0,0.0,0.0033333333333333335,-0.024166666666666666,-0.03925,-0.011666666666666659
eff_su2_r5_d2,512,matched_minus_naive_mean,30,-0.0046958333333333435,-0.012498749999999965,-0.00043847222222224264,0.010833333333333361,-0.011666666666666659,0.02425,0.0,0.0,0.0,0.0,0.0,0.0033333333333333335,-0.020000000000000004,-0.03591666666666666,-0.009999999999999995
eff_su2_r5_d2,64,matched_minus_deconvolved_mean,30,0.020448611111111126,0.006177638888888876,0.03235291666666662,0.01666666666666669,-0.0012500000000000163,0.03999999999999999,0.0,-0.0033333333333333335,0.0,-0.005,-0.022583333333333334,0.007583333333333328,0.016666666666666666,-0.007583333333333333,0.030166666666666654
eff_su2_r5_d2,64,matched_minus_mismatched,30,-0.005840277777777736,-0.02048888888888895,0.0049761111111110935,0.003333333333333327,-0.012583333333333316,0.024416666666666656,0.0,0.0,0.0,0.003333333333333333,-0.0016666666666666668,0.01,-0.02333333333333333,-0.034999999999999996,-0.008750000000000023
eff_su2_r5_d2,64,matched_minus_naive_mean,30,0.0010208333333333597,-0.012509583333333378,0.013602361111110994,0.014166666666666689,0.0022499999999999725,0.0333333333333333,0.0,0.0,0.0,0.0033333333333333335,-0.0016666666666666668,0.01,-0.0225,-0.0385,-0.008333333333333335
eff_su2_r5_d6,1024,matched_minus_deconvolved_mean,30,0.01408750000000003,0.010229027777777793,0.023591111111111084,0.018333333333333368,0.002416666666666637,0.036666666666666625,0.0016666666666666666,0.0,0.005,0.01,0.004083333333333334,0.016666666666666666,0.009999999999999998,-0.0034999999999999966,0.02091666666666666
eff_su2_r5_d6,1024,matched_minus_mismatched,30,0.0023791666666666544,-0.004534861111111088,0.009221527777777842,-0.0033333333333332993,-0.022166666666666612,0.011083333333333379,0.0016666666666666666,0.0,0.0025833333333333285,-0.015000000000000001,-0.024249999999999997,-0.009083333333333339,-0.013333333333333336,-0.023666666666666666,-0.0015000000000000128
eff_su2_r5_d6,1024,matched_minus_naive_mean,30,0.003254166666666669,-0.0036361111111111507,0.010080277777777823,-5.551115123125783e-17,-0.019583333333333328,0.01383333333333333,0.0016666666666666666,0.0,0.0025833333333333285,-0.013333333333333336,-0.024249999999999997,-0.009083333333333339,-0.011666666666666659,-0.02533333333333333,-0.0007500000000000033
eff_su2_r5_d6,128,matched_minus_deconvolved_mean,30,0.03229722222222231,0.02045527777777789,0.043049583333333294,0.031666666666666676,0.007833333333333305,0.052583333333333294,0.0,-0.0059166666666666656,0.004249999999999995,0.016666666666666666,0.001500000000000001,0.024249999999999994,0.03583333333333333,0.012250000000000006,0.04683333333333332
eff_su2_r5_d6,128,matched_minus_mismatched,30,0.005362500000000048,-0.003838333333333399,0.014074305555555609,2.7755575615628914e-17,-0.020916666666666594,0.017583333333333395,0.0016666666666666666,-0.0009166666666666665,0.003333333333333333,-0.009999999999999997,-0.018333333333333333,0.0049999999999999975,0.0008333333333333318,-0.01425,0.01274999999999999
eff_su2_r5_d6,128,matched_minus_naive_mean,30,0.009418055555555582,0.0007611111111110792,0.018749722222222286,0.0058333333333333015,-0.008500000000000054,0.023333333333333293,0.0016666666666666666,-0.0009166666666666665,0.003333333333333333,-0.005833333333333333,-0.012583333333333335,0.005916666666666658,0.006666666666666668,-0.0075833333333333326,0.017583333333333322
eff_su2_r5_d6,256,matched_minus_deconvolved_mean,30,0.026341666666666597,0.01678027777777778,0.038072777777777754,0.024999999999999967,0.001666666666666619,0.050916666666666555,-0.0016666666666666668,-0.005,0.0009166666666666619,0.0125,0.002416666666666667,0.024249999999999994,0.025,0.004833333333333331,0.040166666666666656
eff_su2_r5_d6,256,matched_minus_mismatched,30,0.004147222222222191,-0.004632777777777808,0.010088472222222237,-0.0033333333333332993,-0.019250000000000024,0.01424999999999996,0.0016666666666666666,0.0,0.003333333333333333,-0.010833333333333332,-0.020916666666666667,0.005916666666666665,-0.003333333333333334,-0.014249999999999997,0.01108333333333332
eff_su2_r5_d6,256,matched_minus_naive_mean,30,0.007254166666666562,-0.0018677777777777959,0.012790416666666676,0.0033333333333332993,-0.01000000000000004,0.019416666666666676,0.0016666666666666666,0.0,0.003333333333333333,-0.0075000000000000015,-0.02,0.004416666666666657,-0.0024999999999999953,-0.01425,0.01183333333333333
eff_su2_r5_d6,32,matched_minus_deconvolved_mean,30,0.045043055555555545,0.030158749999999995,0.05842555555555555,0.03416666666666662,0.011500000000000045,0.06591666666666661,0.0,-0.006833333333333333,0.009249999999999996,0.020833333333333332,0.01,0.034999999999999996,0.05416666666666667,0.02858333333333334,0.07441666666666664
eff_su2_r5_d6,32,matched_minus_mismatched,30,0.0033388888888889467,-0.008464444444444464,0.012177222222222214,-0.0008333333333333248,-0.025916666666666685,0.017749999999999946,0.0,-0.0025833333333333333,0.0033333333333333335,-0.0033333333333333322,-0.01608333333333333,0.010166666666666654,0.012500000000000004,-0.011666666666666672,0.031833333333333325
eff_su2_r5_d6,32,matched_minus_naive_mean,30,0.012244444444444391,0.00015208333333332515,0.024375972222222236,0.013333333333333308,-0.01258333333333334,0.030166666666666706,0.0016666666666666663,-0.0033333333333333335,0.008333333333333333,0.004166666666666666,-0.006999999999999998,0.013333333333333332,0.024166666666666663,0.006666666666666668,0.04
eff_su2_r5_d6,512,matched_minus_deconvolved_mean,30,0.023643055555555514,0.012190416666666688,0.035485416666666623,0.020833333333333315,0.001666666666666619,0.054583333333333275,0.0016666666666666666,-0.0042499999999999994,0.003333333333333333,0.011666666666666667,0.003166666666666667,0.021666666666666667,0.015833333333333338,0.003333333333333333,0.034249999999999996
eff_su2_r5_d6,512,matched_minus_mismatched,30,0.004951388888888908,-0.0065008333333333055,0.013250277777777814,-0.0016666666666666496,-0.01866666666666664,0.01425000000000004,0.0016666666666666666,0.0,0.003333333333333333,-0.011666666666666665,-0.020916666666666667,-0.0049999999999999975,-0.008333333333333331,-0.021666666666666667,0.0016666666666666711
eff_su2_r5_d6,512,matched_minus_naive_mean,30,0.006688888888888855,-0.004941111111111035,0.014832777777777742,2.7755575615628914e-17,-0.01758333333333329,0.019250000000000028,0.0016666666666666666,-0.0009166666666666663,0.003333333333333333,-0.010000000000000002,-0.020000000000000004,-0.0049999999999999975,-0.008333333333333331,-0.023500000000000004,0.003333333333333341
eff_su2_r5_d6,64,matched_minus_deconvolved_mean,30,0.042373611111111154,0.02835944444444453,0.05707472222222219,0.034166666666666595,0.010583333333333337,0.06608333333333338,-0.003333333333333333,-0.007583333333333333,0.0025833333333333285,0.0175,0.005583333333333334,0.03,0.04833333333333334,0.01575,0.06258333333333334
eff_su2_r5_d6,64,matched_minus_mismatched,30,0.0030833333333333823,-0.006766250000000012,0.024053472222222226,-0.0008333333333333248,-0.02850000000000001,0.04199999999999992,0.0,-0.001666666666666667,0.0025833333333333285,-0.006666666666666668,-0.020000000000000004,0.008333333333333333,0.0025000000000000022,-0.02016666666666667,0.01941666666666666
eff_su2_r5_d6,64,matched_minus_naive_mean,30,0.008580555555555591,0.001920972222222145,0.032187916666666726,0.010833333333333306,-0.013833333333333307,0.04366666666666661,0.0,-0.003333333333333333,0.005,-0.001666666666666667,-0.013499999999999998,0.007583333333333328,0.006666666666666668,-0.013499999999999995,0.030916666666666665
overall,1024,matched_minus_deconvolved_mean,30,0.008512471064814842,0.006817493248456841,0.010471993634259212,0.004583333333333328,0.001284722222222201,0.008840277777777765,0.0029861111111111113,0.0018680555555555555,0.0038888888888888888,0.016041666666666666,0.013076388888888889,0.018902777777777775,0.012222222222222225,0.008291666666666671,0.017194444444444436
overall,1024,matched_minus_mismatched,30,0.026268209876543158,0.024066986882716024,0.02788660783179009,0.028749999999999942,0.023847222222222186,0.03251388888888891,0.003194444444444444,0.0024236111111111116,0.0042430555555555555,0.014930555555555555,0.013472222222222222,0.017791666666666664,0.0175,0.015138888888888896,0.02064583333333333
overall,1024,matched_minus_naive_mean,30,0.026717283950617232,0.02449989004629622,0.028355198688271563,0.029236111111111074,0.023631944444444424,0.0327777777777777,0.0032638888888888887,0.0024236111111111116,0.004027777777777778,0.015555555555555555,0.013534722222222222,0.017791666666666664,0.018055555555555554,0.015895833333333335,0.02090972222222223
overall,128,matched_minus_deconvolved_mean,30,0.01827374614197541,0.015094148341049374,0.021931520061728375,0.011041666666666616,0.007416666666666677,0.014611111111111113,0.0028472222222222223,0.0014375000000000002,0.004041666666666666,0.018194444444444444,0.01551388888888889,0.02247916666666666,0.031319444444444434,0.02242361111111111,0.03900694444444444
overall,128,matched_minus_mismatched,30,0.024583478009259252,0.02251399787808636,0.027406517168209892,0.024791666666666712,0.017805555555555585,0.032187500000000036,0.002847222222222222,0.0019305555555555556,0.004166666666666667,0.01611111111111111,0.0139375,0.019458333333333327,0.025555555555555554,0.018756944444444444,0.03175694444444444
overall,128,matched_minus_naive_mean,30,0.027456925154321077,0.025579319058641893,0.030787808641975382,0.026041666666666685,0.02122222222222227,0.03370138888888888,0.0029166666666666664,0.002361111111111111,0.003965277777777778,0.018194444444444444,0.01529861111111111,0.02184722222222222,0.028055555555555556,0.021034722222222222,0.03334722222222222
overall,256,matched_minus_deconvolved_mean,30,0.013595129243827109,0.011016268325617268,0.017246289544753057,0.00708333333333333,0.00386111111111111,0.011493055555555562,0.0032638888888888887,0.0021458333333333334,0.003965277777777778,0.017986111111111112,0.01623611111111111,0.020951388888888884,0.02368055555555556,0.019298611111111107,0.02881944444444444
overall,256,matched_minus_mismatched,30,0.025822540509259362,0.023656814236111167,0.02807649787808653,0.027152777777777748,0.021381944444444478,0.033437499999999995,0.003194444444444444,0.0025625,0.0042430555555555555,0.01638888888888889,0.014215277777777776,0.019993055555555552,0.022361111111111102,0.018895833333333334,0.027930555555555556
overall,256,matched_minus_naive_mean,30,0.027688821373456796,0.025394278549382716,0.029916341628086447,0.028263888888888866,0.02277083333333335,0.03451388888888888,0.0030555555555555553,0.002145833333333334,0.003979166666666666,0.017708333333333333,0.01520138888888889,0.020902777777777774,0.02361111111111111,0.019736111111111114,0.029444444444444447
overall,32,matched_minus_deconvolved_mean,30,0.0267937596450617,0.02242598476080244,0.031588855131172724,0.013749999999999929,0.006500000000000028,0.021847222222222133,0.002986111111111111,0.001388888888888889,0.00440972222222222,0.019027777777777775,0.0158125,0.0224375,0.045625,0.03895138888888889,0.05348611111111111
overall,32,matched_minus_mismatched,30,0.019709866898148132,0.015317074652777813,0.02213300250771604,0.018749999999999933,0.014784722222222314,0.025256944444444512,0.0016666666666666666,0.0001875000000000001,0.002777777777777778,0.010347222222222223,0.006868055555555557,0.013624999999999998,0.02520833333333334,0.019124999999999996,0.03211111111111112
overall,32,matched_minus_naive_mean,30,0.02741952160493827,0.02256947434413582,0.030202182677469113,0.021180555555555536,0.013562499999999922,0.028069444444444442,0.0032638888888888887,0.0022222222222222222,0.00473611111111111,0.018819444444444448,0.016868055555555556,0.021743055555555554,0.03541666666666667,0.02815972222222222,0.04011805555555555
overall,512,matched_minus_deconvolved_mean,30,0.012126109182098721,0.010049776234567914,0.014137231867284005,0.007708333333333317,0.004631944444444341,0.011541666666666693,0.0030555555555555553,0.002145833333333333,0.004381944444444444,0.017708333333333333,0.01386111111111111,0.020673611111111108,0.01805555555555556,0.013520833333333334,0.023326388888888886
overall,512,matched_minus_mismatched,30,0.026493682484567904,0.024546944444444524,0.02812986014660495,0.02965277777777775,0.0256944444444444,0.03350000000000001,0.003611111111111111,0.0025625,0.004520833333333333,0.01666666666666667,0.014368055555555556,0.01967361111111111,0.019097222222222224,0.015777777777777776,0.021881944444444437
overall,512,matched_minus_naive_mean,30,0.027449710648148162,0.025456914544753108,0.02901922453703711,0.030486111111111103,0.0258888888888889,0.03354861111111114,0.0032638888888888887,0.002486111111111111,0.0042430555555555555,0.017569444444444443,0.01538888888888889,0.019951388888888887,0.020208333333333335,0.016944444444444443,0.022958333333333334
overall,64,matched_minus_deconvolved_mean,30,0.024462924382716078,0.021095483217592602,0.026221175733024727,0.012986111111111087,0.008534722222222225,0.019256944444444507,0.0030555555555555553,0.002145833333333333,0.004381944444444444,0.018750000000000003,0.01608333333333333,0.02329861111111111,0.040069444444444435,0.035097222222222224,0.04693749999999999
overall,64,matched_minus_mismatched,30,0.023033613040123413,0.020781482445987615,0.026401146797839514,0.02444444444444438,0.019784722222222207,0.03204861111111114,0.0021527777777777778,0.001388888888888889,0.00342361111111111,0.014444444444444446,0.011993055555555555,0.0185625,0.026319444444444444,0.02060416666666667,0.030923611111111103
overall,64,matched_minus_naive_mean,30,0.02789018132716048,0.02554871431327164,0.031687627314814865,0.02583333333333332,0.0210416666666668,0.033069444444444394,0.0032638888888888887,0.0021458333333333334,0.003965277777777778,0.019097222222222224,0.015340277777777777,0.022868055555555555,0.030555555555555558,0.026131944444444444,0.03473611111111111
z_r1_d2,1024,matched_minus_deconvolved_mean,30,0.002562499999999912,-0.006268194444444386,0.010844444444444466,-0.004166666666666624,-0.01608333333333336,0.018999999999999934,0.013333333333333332,0.005583333333333334,0.018333333333333333,0.01583333333333333,-0.000333333333333327,0.027583333333333324,-0.0025000000000000022,-0.015916666666666673,0.014416666666666654
z_r1_d2,1024,matched_minus_mismatched,30,0.007329166666666664,-0.0033731944444444655,0.014500416666666625,-0.053333333333333344,-0.06591666666666675,-0.036666666666666736,0.0075,0.0015,0.01,-0.0075,-0.016833333333333332,-0.0007500000000000033,0.02,0.010000000000000009,0.034999999999999996
z_r1_d2,1024,matched_minus_naive_mean,30,0.007351388888888866,-0.0032370833333333566,0.01449680555555554,-0.053333333333333344,-0.06683333333333333,-0.036666666666666736,0.006666666666666666,0.0015,0.01,-0.006666666666666668,-0.017583333333333333,0.0,0.019999999999999993,0.010750000000000008,0.03349999999999999
z_r1_d2,128,matched_minus_deconvolved_mean,30,0.0058333333333334125,-0.0058486111111110736,0.022865694444444355,-0.010000000000000064,-0.036249999999999935,0.016083333333333297,0.016666666666666666,0.009083333333333332,0.02258333333333333,0.021666666666666667,0.0024166666666666655,0.03441666666666665,0.025,-0.0016666666666666711,0.05258333333333333
z_r1_d2,128,matched_minus_mismatched,30,0.005451388888888853,-0.0042637499999999325,0.01877944444444451,-0.03916666666666668,-0.07091666666666663,-0.01799999999999994,0.006666666666666666,0.0,0.011666666666666667,0.006666666666666668,-0.009416666666666665,0.015000000000000001,0.04666666666666667,0.026666666666666658,0.07424999999999998
z_r1_d2,128,matched_minus_naive_mean,30,0.005113888888888862,-0.004230694444444355,0.018753888888888903,-0.04750000000000004,-0.07833333333333337,-0.0245,0.006666666666666666,-0.0009166666666666656,0.012583333333333328,0.0058333333333333345,-0.007750000000000002,0.015166666666666655,0.04666666666666666,0.029083333333333326,0.07016666666666665
z_r1_d2,256,matched_minus_deconvolved_mean,30,0.006937500000000041,-0.005745694444444454,0.015423611111111101,-0.008333333333333415,-0.019583333333333293,0.015916666666666586,0.016666666666666666,0.001500000000000001,0.018333333333333333,0.019166666666666672,-0.0059166666666666656,0.035,0.018333333333333333,-0.006666666666666668,0.03925
z_r1_d2,256,matched_minus_mismatched,30,0.0062277777777777765,-0.005662083333333273,0.014659861111110973,-0.04250000000000004,-0.06666666666666665,-0.02891666666666657,0.006666666666666666,0.0016666666666666661,0.01,0.0008333333333333352,-0.010166666666666664,0.016833333333333325,0.03666666666666667,0.017416666666666667,0.057583333333333334
z_r1_d2,256,matched_minus_naive_mean,30,0.006352777777777818,-0.00555624999999998,0.014798888888888834,-0.04583333333333339,-0.072,-0.02833333333333337,0.004999999999999999,0.0015,0.01,0.0016666666666666635,-0.010916666666666667,0.02016666666666666,0.03833333333333334,0.013916666666666673,0.058333333333333334
z_r1_d2,32,matched_minus_deconvolved_mean,30,0.005109722222222224,-0.008560277777777769,0.01880916666666672,-0.020000000000000018,-0.03666666666666664,0.01641666666666667,0.015,0.006666666666666666,0.023333333333333334,0.019166666666666665,0.001666666666666667,0.03441666666666665,0.0375,0.0072499999999999995,0.07258333333333333
z_r1_d2,32,matched_minus_mismatched,30,0.006251388888888931,-0.006288750000000015,0.021770694444444395,-0.024166666666666725,-0.05608333333333341,0.015499999999999936,0.005000000000000001,-0.0042499999999999994,0.016833333333333325,0.014999999999999996,0.00333333333333333,0.02333333333333333,0.05333333333333334,0.027416666666666673,0.07666666666666667
z_r1_d2,32,matched_minus_naive_mean,30,0.003427777777777752,-0.011021944444444442,0.016857499999999977,-0.03833333333333333,-0.07441666666666666,-0.0014999999999999942,0.0075,-0.005,0.019249999999999996,0.0125,-0.004249999999999999,0.025,0.057499999999999996,0.03,0.07925
z_r1_d2,512,matched_minus_deconvolved_mean,30,0.0044458333333333155,-0.0038154166666666484,0.014435694444444341,-0.0033333333333332993,-0.018333333333333375,0.01699999999999998,0.014166666666666668,0.0020833333333333346,0.019249999999999996,0.021666666666666667,0.00575,0.03258333333333333,0.01249999999999999,-0.010166666666666668,0.03124999999999998
z_r1_d2,512,matched_minus_mismatched,30,0.006304166666666722,-0.0077480555555555775,0.017438472222222223,-0.04416666666666669,-0.07499999999999996,-0.028333333333333433,0.008333333333333333,0.002416666666666667,0.01,-0.005000000000000001,-0.014249999999999997,0.005916666666666661,0.027499999999999997,0.011500000000000007,0.049249999999999995
z_r1_d2,512,matched_minus_naive_mean,30,0.006322222222222229,-0.0077381944444443965,0.017427500000000012,-0.046666666666666634,-0.07516666666666663,-0.030750000000000048,0.007499999999999999,0.002416666666666667,0.01,-0.0049999999999999975,-0.012583333333333334,0.005000000000000001,0.029166666666666664,0.010750000000000001,0.051083333333333314
z_r1_d2,64,matched_minus_deconvolved_mean,30,0.007122222222222252,-0.005588750000000059,0.021084027777777736,-0.008333333333333387,-0.02849999999999993,0.011666666666666664,0.01583333333333333,0.008,0.023333333333333334,0.021666666666666667,0.004999999999999999,0.03924999999999999,0.034999999999999996,0.012416666666666671,0.057583333333333334
z_r1_d2,64,matched_minus_mismatched,30,0.008522222222222264,-0.007348333333333346,0.020695000000000036,-0.025000000000000133,-0.050000000000000044,0.0,0.005833333333333334,-0.0016666666666666661,0.011666666666666667,0.011666666666666664,-0.005333333333333332,0.03791666666666664,0.0575,0.03666666666666667,0.07500000000000001
z_r1_d2,64,matched_minus_naive_mean,30,0.005676388888888939,-0.007409999999999966,0.016132083333333345,-0.03750000000000003,-0.06350000000000001,-0.015749999999999924,0.005000000000000001,-0.0016666666666666661,0.013333333333333334,0.010833333333333332,-0.0059166666666666656,0.026833333333333324,0.05666666666666666,0.03241666666666667,0.07666666666666666
z_r1_d6,1024,matched_minus_deconvolved_mean,30,0.010720833333333346,0.004860138888888793,0.018407777777777797,0.010000000000000009,-0.0033333333333332993,0.025333333333333333,0.021666666666666667,0.018333333333333333,0.023333333333333334,0.028333333333333335,0.017249999999999998,0.041666666666666664,-0.010833333333333334,-0.020000000000000004,0.010166666666666659
z_r1_d6,1024,matched_minus_mismatched,30,0.0375847222222222,0.028946805555555517,0.04385847222222217,0.034166666666666734,0.018166666666666643,0.050916666666666714,0.01,0.007416666666666667,0.013333333333333334,0.025833333333333333,0.019833333333333335,0.035916666666666666,0.024166666666666663,0.01666666666666667,0.034999999999999996
z_r1_d6,1024,matched_minus_naive_mean,30,0.03781388888888887,0.029139722222222227,0.04397152777777773,0.03333333333333338,0.017416666666666674,0.05091666666666662,0.011666666666666667,0.008333333333333333,0.013333333333333334,0.026666666666666665,0.020749999999999998,0.03666666666666667,0.025,0.017416666666666664,0.034999999999999996
z_r1_d6,128,matched_minus_deconvolved_mean,30,0.015766666666666707,0.004826527777777823,0.02995583333333331,0.013333333333333308,-0.005916666666666692,0.03791666666666662,0.018333333333333333,0.012416666666666666,0.021666666666666667,0.04166666666666667,0.03241666666666667,0.05349999999999999,0.023333333333333345,0.004083333333333332,0.038499999999999986
z_r1_d6,128,matched_minus_mismatched,30,0.03898888888888885,0.025930555555555547,0.048738749999999983,0.041666666666666574,0.02574999999999993,0.06758333333333333,0.006666666666666667,0.003333333333333333,0.01258333333333333,0.035,0.021500000000000002,0.03925,0.03666666666666667,0.025,0.05666666666666667
z_r1_d6,128,matched_minus_naive_mean,30,0.0403472222222222,0.025799722222222217,0.05044083333333334,0.036666666666666736,0.017416666666666636,0.06091666666666674,0.011666666666666667,0.008333333333333333,0.015,0.0375,0.025749999999999995,0.04349999999999999,0.045,0.029833333333333333,0.061083333333333316
z_r1_d6,256,matched_minus_deconvolved_mean,30,0.012334722222222205,-0.0006715277777777635,0.022643750000000084,0.010000000000000009,-0.008833333333333302,0.03258333333333335,0.02,0.0165,0.02258333333333333,0.03916666666666667,0.025,0.05424999999999999,0.008333333333333331,-0.015166666666666658,0.03425
z_r1_d6,256,matched_minus_mismatched,30,0.03603333333333325,0.027163194444444455,0.04325541666666667,0.04249999999999998,0.030000000000000075,0.06308333333333335,0.008333333333333333,0.005,0.011666666666666667,0.026666666666666665,0.019083333333333338,0.04166666666666667,0.03666666666666667,0.020000000000000004,0.046666666666666676
z_r1_d6,256,matched_minus_naive_mean,30,0.036451388888888825,0.027928194444444436,0.04397277777777782,0.03916666666666674,0.023333333333333317,0.06158333333333331,0.01,0.006666666666666666,0.013333333333333334,0.028333333333333332,0.020000000000000004,0.043333333333333335,0.03833333333333334,0.01691666666666667,0.05425
z_r1_d6,32,matched_minus_deconvolved_mean,30,0.016136111111111018,-0.006144722222222219,0.03721555555555563,0.0033333333333332993,-0.03008333333333329,0.03258333333333339,0.013333333333333332,0.007416666666666668,0.02108333333333332,0.043333333333333335,0.03725,0.05591666666666666,0.027500000000000004,0.0057499999999999956,0.06399999999999997
z_r1_d6,32,matched_minus_mismatched,30,0.027715277777777825,0.007673749999999986,0.03801291666666675,0.030000000000000027,0.007083333333333349,0.06308333333333335,0.0,-0.0025833333333333324,0.01,0.027499999999999997,0.014083333333333331,0.035,0.03666666666666667,0.01983333333333333,0.05016666666666666
z_r1_d6,32,matched_minus_naive_mean,30,0.031627777777777755,0.01180111111111113,0.04409749999999994,0.030000000000000027,0.009666666666666619,0.05275000000000003,0.008333333333333335,0.0024166666666666677,0.018333333333333333,0.03833333333333333,0.03,0.04666666666666667,0.04833333333333333,0.022083333333333333,0.07083333333333329
z_r1_d6,512,matched_minus_deconvolved_mean,30,0.012170833333333186,-0.00014888888888888162,0.02399374999999987,0.013333333333333308,-0.011249999999999925,0.03183333333333327,0.021666666666666667,0.018333333333333333,0.025,0.034166666666666665,0.023333333333333334,0.05349999999999999,-0.004166666666666666,-0.025166666666666667,0.022749999999999986
z_r1_d6,512,matched_minus_mismatched,30,0.03720833333333334,0.028889583333333285,0.044307916666666704,0.040000000000000036,0.021500000000000064,0.05091666666666662,0.01,0.006666666666666666,0.014249999999999997,0.025833333333333333,0.018166666666666668,0.045,0.03,0.014833333333333334,0.04349999999999999
z_r1_d6,512,matched_minus_naive_mean,30,0.03753750000000006,0.02907388888888886,0.04465750000000001,0.03750000000000003,0.018166666666666765,0.04924999999999996,0.011666666666666667,0.007416666666666667,0.015000000000000001,0.026666666666666665,0.018166666666666668,0.045,0.03166666666666666,0.01725,0.043666666666666645
z_r1_d6,64,matched_minus_deconvolved_mean,30,0.021162499999999973,0.005484305555555675,0.030489861111111162,0.01666666666666672,-0.008333333333333335,0.03499999999999998,0.0175,0.011666666666666665,0.021666666666666667,0.04416666666666667,0.034833333333333334,0.058499999999999996,0.03333333333333334,0.009083333333333337,0.06016666666666665
z_r1_d6,64,matched_minus_mismatched,30,0.03454861111111118,0.025877361111111163,0.044900694444444354,0.040000000000000036,0.020750000000000095,0.06424999999999992,0.003333333333333334,0.0,0.009249999999999996,0.03,0.01908333333333333,0.04033333333333332,0.031666666666666676,0.01908333333333334,0.04166666666666667
z_r1_d6,64,matched_minus_naive_mean,30,0.03511805555555553,0.026028749999999982,0.04898416666666673,0.03666666666666668,0.015250000000000033,0.05758333333333333,0.01,0.00575,0.014249999999999995,0.035,0.02575,0.046083333333333316,0.043333333333333335,0.02575000000000001,0.05333333333333334
z_r5_d2,1024,matched_minus_deconvolved_mean,30,8.333333333387927e-06,-0.001321805555555422,0.0018288888888888576,0.0,-0.006666666666666659,0.004250000000000032,0.01,-0.0025833333333333333,0.014249999999999995,0.008333333333333331,0.0,0.018333333333333337,0.003333333333333327,-0.0016666666666666635,0.010916666666666654
z_r5_d2,1024,matched_minus_mismatched,30,0.03468055555555549,0.03137124999999997,0.037684166666666664,0.051666666666666694,0.04149999999999999,0.06424999999999997,0.005,0.0033333333333333335,0.009249999999999994,0.004999999999999999,-0.003333333333333334,0.015916666666666662,0.006666666666666668,-0.0009166666666666646,0.016666666666666663
z_r5_d2,1024,matched_minus_naive_mean,30,0.03508055555555556,0.03186833333333331,0.03803833333333335,0.05166666666666672,0.040749999999999995,0.06424999999999997,0.006666666666666666,0.0033333333333333335,0.009249999999999994,0.004999999999999999,-0.002583333333333335,0.015916666666666662,0.008333333333333331,-0.0016666666666666635,0.01591666666666666
z_r5_d2,128,matched_minus_deconvolved_mean,30,0.004447222222222269,0.0009658333333333935,0.009393888888888894,0.00416666666666668,-0.008333333333333304,0.016666666666666663,0.0033333333333333335,0.0,0.015166666666666658,0.02333333333333333,0.005583333333333335,0.04591666666666667,0.019166666666666665,0.0031666666666666675,0.04091666666666667
z_r5_d2,128,matched_minus_mismatched,30,0.02705277777777776,0.020382361111111108,0.034698055555555524,0.03333333333333331,0.014499999999999985,0.06441666666666664,0.0,-0.006666666666666666,0.006833333333333324,0.008333333333333331,-0.014416666666666664,0.023333333333333334,0.0175,-0.008999999999999996,0.03
z_r5_d2,128,matched_minus_naive_mean,30,0.02993472222222221,0.022501944444444363,0.03722527777777776,0.03999999999999998,0.020750000000000005,0.06533333333333334,0.0016666666666666668,-0.003499999999999999,0.006666666666666667,0.013333333333333332,-0.00925,0.029249999999999995,0.024999999999999994,0.002250000000000003,0.035
z_r5_d2,256,matched_minus_deconvolved_mean,30,0.0022652777777777966,-0.0020090277777778274,0.008026805555555535,0.0016666666666665941,-0.008333333333333335,0.011833333333333338,0.006666666666666666,-0.0009166666666666664,0.016666666666666666,0.021666666666666667,0.005750000000000002,0.043333333333333335,0.015,0.0007500000000000051,0.028333333333333335
z_r5_d2,256,matched_minus_mismatched,30,0.032340277777777815,0.029225555555555595,0.03704916666666665,0.041666666666666644,0.028333333333333377,0.06108333333333334,0.0033333333333333335,-0.0016666666666666666,0.010166666666666659,0.006666666666666661,-0.005000000000000001,0.02258333333333333,0.015,-0.002583333333333336,0.029249999999999988
z_r5_d2,256,matched_minus_naive_mean,30,0.03363888888888894,0.030724861111111133,0.038411388888888974,0.042500000000000066,0.03149999999999997,0.06016666666666669,0.004999999999999999,-0.0016666666666666668,0.011833333333333324,0.008333333333333335,0.0,0.026833333333333327,0.0175,0.0005833333333333333,0.028666666666666642
z_r5_d2,32,matched_minus_deconvolved_mean,30,0.008626388888888947,-0.0007194444444444607,0.01676277777777777,0.012500000000000067,-0.009583333333333301,0.030916666666666703,0.0016666666666666666,-0.0016666666666666668,0.02366666666666665,0.03833333333333334,0.023000000000000003,0.057583333333333334,0.043333333333333335,0.012999999999999998,0.0703333333333333
z_r5_d2,32,matched_minus_mismatched,30,0.014655555555555588,0.007737222222222279,0.021256388888888995,0.019999999999999962,-0.001083333333333352,0.037749999999999964,0.0,-0.005,0.01591666666666666,0.009999999999999995,-0.001833333333333335,0.02458333333333331,0.02083333333333333,-0.00016666666666667346,0.03925
z_r5_d2,32,matched_minus_naive_mean,30,0.019881944444444466,0.011949583333333303,0.026707916666666675,0.025833333333333347,0.009999999999999978,0.04424999999999999,0.0,-0.005,0.02108333333333332,0.02333333333333333,0.009833333333333333,0.041249999999999974,0.028333333333333342,0.004999999999999997,0.05424999999999999
z_r5_d2,512,matched_minus_deconvolved_mean,30,0.0013999999999999568,-0.0014750000000000151,0.005530277777777789,5.551115123125783e-17,-0.0050000000000000044,0.009416666666666667,0.006666666666666666,-0.0018333333333333326,0.015166666666666658,0.01583333333333333,0.002083333333333334,0.03516666666666666,0.008333333333333331,-0.0009166666666666723,0.028333333333333335
z_r5_d2,512,matched_minus_mismatched,30,0.033531944444444406,0.030026805555555626,0.03728916666666658,0.04500000000000001,0.034833333333333334,0.05866666666666672,0.004166666666666667,0.0016666666666666666,0.009249999999999994,0.00666666666666667,-0.0016666666666666635,0.024249999999999994,0.013333333333333336,-0.006666666666666668,0.029249999999999998
z_r5_d2,512,matched_minus_naive_mean,30,0.03432638888888884,0.030795694444444403,0.03812458333333325,0.045833333333333365,0.03483333333333336,0.06200000000000002,0.004999999999999999,0.0016666666666666666,0.009249999999999994,0.00666666666666667,-0.0009166666666666646,0.023499999999999993,0.013333333333333336,-0.002583333333333328,0.030916666666666665
z_r5_d2,64,matched_minus_deconvolved_mean,30,0.00681805555555548,-0.00465486111111108,0.012846249999999957,0.004166666666666707,-0.01758333333333332,0.018333333333333375,0.0016666666666666668,-0.0033333333333333335,0.02016666666666666,0.04,0.02333333333333333,0.06016666666666666,0.030833333333333338,0.008916666666666665,0.04591666666666667
z_r5_d2,64,matched_minus_mismatched,30,0.022025000000000017,0.015684444444444452,0.02833750000000011,0.02333333333333336,0.005750000000000053,0.04500000000000004,0.0,-0.005000000000000001,0.014249999999999995,0.0125,-0.005166666666666668,0.02591666666666666,0.019166666666666665,0.003333333333333341,0.03758333333333334
z_r5_d2,64,matched_minus_naive_mean,30,0.026905555555555516,0.02079777777777771,0.03402402777777787,0.03250000000000004,0.019999999999999987,0.05349999999999997,0.0,-0.0009166666666666663,0.01758333333333333,0.019166666666666665,0.006499999999999999,0.03849999999999999,0.029999999999999992,0.014083333333333335,0.04591666666666667
z_r5_d6,1024,matched_minus_deconvolved_mean,30,0.008022222222222153,0.003236388888888858,0.012658472222222127,0.0050000000000000044,-0.0009166666666666819,0.010916666666666656,0.0,-0.0016666666666666668,0.0016666666666666668,0.009166666666666667,-0.001666666666666667,0.015916666666666666,0.015833333333333324,0.0024166666666666703,0.027583333333333324
z_r5_d6,1024,matched_minus_mismatched,30,0.05254166666666665,0.049428888888888904,0.05549069444444445,0.0616666666666667,0.05149999999999997,0.07441666666666667,0.0,0.0,0.002583333333333329,0.009166666666666667,0.0033333333333333322,0.015000000000000001,0.08083333333333333,0.05575000000000001,0.09758333333333333
z_r5_d6,1024,matched_minus_naive_mean,30,0.053216666666666634,0.05005374999999998,0.05614513888888887,0.061666666666666675,0.053333333333333344,0.07516666666666667,0.0,0.0,0.002583333333333329,0.009166666666666667,0.0033333333333333322,0.016666666666666666,0.08166666666666667,0.05908333333333334,0.09924999999999999
z_r5_d6,128,matched_minus_deconvolved_mean,30,0.019873611111111023,0.011199027777777782,0.0257872222222222,0.020833333333333315,0.005749999999999997,0.03166666666666659,0.0,-0.0025833333333333333,0.0033333333333333335,0.010833333333333334,0.003333333333333334,0.03199999999999998,0.041666666666666664,0.019083333333333345,0.06791666666666664
z_r5_d6,128,matched_minus_mismatched,30,0.04822500000000002,0.042401805555555505,0.051732916666666594,0.06750000000000006,0.04983333333333335,0.09350000000000003,0.0,0.0,0.0033333333333333335,0.008333333333333333,-0.0035,0.022583333333333327,0.06333333333333332,0.04408333333333333,0.08683333333333333
z_r5_d6,128,matched_minus_naive_mean,30,0.05306944444444439,0.04662958333333334,0.0569508333333333,0.07166666666666663,0.055583333333333346,0.09591666666666665,0.0,0.0,0.0033333333333333335,0.010833333333333334,0.0,0.021666666666666664,0.07749999999999999,0.05633333333333333,0.09758333333333333
z_r5_d6,256,matched_minus_deconvolved_mean,30,0.015202777777777787,0.009307361111111129,0.019513194444444475,0.011666666666666714,0.003916666666666627,0.0218333333333333,0.0,0.0,0.0033333333333333335,0.015833333333333335,0.003166666666666667,0.030166666666666654,0.030833333333333324,0.013916666666666676,0.06216666666666662
z_r5_d6,256,matched_minus_mismatched,30,0.04993472222222212,0.045369444444444344,0.05548833333333326,0.06500000000000006,0.05333333333333326,0.08699999999999997,0.0,0.0,0.0033333333333333335,0.010833333333333334,0.003333333333333334,0.025333333333333315,0.07166666666666667,0.059083333333333335,0.09333333333333334
z_r5_d6,256,matched_minus_naive_mean,30,0.05261111111111105,0.047967083333333285,0.05807541666666667,0.0683333333333333,0.05499999999999999,0.09049999999999991,0.0,0.0,0.0033333333333333335,0.010833333333333334,0.003333333333333334,0.024749999999999966,0.07916666666666666,0.06333333333333334,0.10333333333333333
z_r5_d6,32,matched_minus_deconvolved_mean,30,0.03370972222222224,0.025305694444444415,0.042346111111111195,0.03250000000000006,0.010749999999999977,0.04833333333333334,0.0,-0.0016666666666666668,0.0033333333333333335,0.025,0.007416666666666669,0.04849999999999999,0.07166666666666666,0.04075,0.10183333333333332
z_r5_d6,32,matched_minus_mismatched,30,0.036405555555555524,0.02471694444444452,0.04339833333333342,0.04999999999999999,0.03333333333333332,0.07033333333333329,0.0,-0.0033333333333333335,0.004249999999999995,0.013333333333333332,-0.0035,0.029249999999999995,0.041666666666666664,0.013750000000000002,0.06591666666666667
z_r5_d6,32,matched_minus_naive_mean,30,0.0505472222222223,0.03846305555555547,0.06099125000000002,0.06166666666666665,0.04075000000000005,0.08533333333333327,0.0,-0.0009166666666666664,0.0033333333333333335,0.019166666666666665,0.005,0.03758333333333333,0.0775,0.046166666666666675,0.10216666666666664
z_r5_d6,512,matched_minus_deconvolved_mean,30,0.01206944444444441,0.006642083333333293,0.017712638888888937,0.009999999999999981,0.0014999999999999853,0.018333333333333368,0.0016666666666666668,0.0,0.0033333333333333335,0.011666666666666667,0.002416666666666667,0.023333333333333334,0.023333333333333345,0.00983333333333333,0.04000000000000001
z_r5_d6,512,matched_minus_mismatched,30,0.05252499999999993,0.04813583333333338,0.05553972222222225,0.06666666666666668,0.05075000000000001,0.07999999999999996,0.0016666666666666668,0.0,0.0033333333333333335,0.01,0.0033333333333333322,0.015000000000000001,0.07666666666666666,0.057999999999999996,0.09591666666666666
z_r5_d6,512,matched_minus_naive_mean,30,0.053774999999999906,0.04954458333333335,0.056738055555555486,0.06666666666666671,0.049083333333333354,0.08425000000000003,0.0016666666666666668,0.0,0.0033333333333333335,0.008333333333333335,0.0033333333333333322,0.016666666666666663,0.08083333333333334,0.06133333333333334,0.09866666666666665
z_r5_d6,64,matched_minus_deconvolved_mean,30,0.02776805555555567,0.017231388888888876,0.036457916666666625,0.02333333333333329,0.0074166666666667025,0.039249999999999986,0.0,-0.0033333333333333335,0.0033333333333333335,0.018333333333333333,0.007416666666666668,0.041249999999999974,0.060000000000000005,0.03741666666666667,0.0845833333333333
z_r5_d6,64,matched_minus_mismatched,30,0.044222222222222274,0.03742347222222215,0.05008013888888883,0.06416666666666665,0.05150000000000008,0.08291666666666667,0.0,-0.0016666666666666668,0.0025833333333333285,0.008333333333333333,-0.0009166666666666656,0.030499999999999975,0.054166666666666655,0.02833333333333333,0.07333333333333333
z_r5_d6,64,matched_minus_naive_mean,30,0.05363750000000006,0.045810972222222204,0.059218333333333296,0.07499999999999993,0.05966666666666664,0.08924999999999998,0.0,0.0,0.003499999999999991,0.010833333333333334,0.0007499999999999997,0.03458333333333331,0.07583333333333334,0.055,0.09516666666666666
zz_r1_d2,1024,matched_minus_deconvolved_mean,30,0.007083333333333275,0.0016272222222222243,0.016084305555555505,0.0016666666666666219,-0.00925000000000001,0.020166666666666618,-0.003333333333333333,-0.008333333333333333,0.0,0.0,-0.01,0.005916666666666662,-0.0024999999999999988,-0.017583333333333326,0.021666666666666667
zz_r1_d2,1024,matched_minus_mismatched,30,0.03801666666666664,0.030134861111110973,0.04442374999999995,0.033333333333333326,0.020750000000000015,0.046666666666666634,0.0016666666666666668,0.0016666666666666668,0.0033333333333333335,0.006666666666666667,0.0016666666666666666,0.011666666666666665,0.029166666666666667,0.022416666666666668,0.035916666666666666
zz_r1_d2,1024,matched_minus_naive_mean,30,0.0381319444444444,0.030310138888888845,0.04462861111111104,0.033333333333333326,0.01999999999999993,0.04666666666666666,0.0016666666666666668,0.0016666666666666668,0.0033333333333333335,0.006666666666666667,0.0016666666666666666,0.011666666666666665,0.029166666666666667,0.022416666666666668,0.035
zz_r1_d2,128,matched_minus_deconvolved_mean,30,0.020277777777777783,0.006286805555555603,0.036176944444444456,0.01499999999999993,-0.0025833333333333316,0.03258333333333337,0.0,-0.008333333333333333,0.0016666666666666668,-0.0025,-0.012583333333333332,0.004249999999999995,0.0025000000000000022,-0.015166666666666665,0.013333333333333336
zz_r1_d2,128,matched_minus_mismatched,30,0.037170833333333264,0.024830416666666723,0.04591249999999992,0.03416666666666665,0.0028333333333333006,0.04850000000000002,-0.0016666666666666668,-0.005,0.0016666666666666668,0.0,-0.005916666666666666,0.005166666666666657,0.021666666666666667,0.006500000000000002,0.03333333333333334
zz_r1_d2,128,matched_minus_naive_mean,30,0.03942083333333324,0.026320416666666707,0.04758305555555556,0.03500000000000003,0.010749999999999916,0.05183333333333329,0.0,0.0,0.0016666666666666668,0.0,-0.003333333333333333,0.004249999999999995,0.019999999999999997,0.00741666666666667,0.030916666666666662
zz_r1_d2,256,matched_minus_deconvolved_mean,30,0.014988888888888885,0.00824277777777781,0.022332361111111188,0.008333333333333387,-0.008499999999999973,0.022583333333333382,-0.0016666666666666668,-0.008333333333333333,0.0016666666666666668,-0.005,-0.010166666666666666,0.0033333333333333335,0.005833333333333333,-0.009416666666666669,0.01866666666666665
zz_r1_d2,256,matched_minus_mismatched,30,0.038237500000000035,0.03130916666666667,0.049978055555555595,0.033333333333333354,0.018333333333333313,0.05016666666666671,0.0,-0.0025833333333333333,0.0016666666666666668,0.0,-0.003333333333333334,0.005000000000000001,0.024999999999999994,0.015750000000000004,0.03516666666666666
zz_r1_d2,256,matched_minus_naive_mean,30,0.038995833333333285,0.0319347222222222,0.05066916666666661,0.03666666666666665,0.01891666666666661,0.05258333333333332,0.0,0.0,0.0016666666666666668,0.0,-0.0033333333333333335,0.005000000000000001,0.024166666666666663,0.014833333333333334,0.03333333333333334
zz_r1_d2,32,matched_minus_deconvolved_mean,30,0.03218750000000009,0.014879583333333286,0.04281263888888893,0.01916666666666675,-0.0016666666666666553,0.03958333333333326,-0.0016666666666666668,-0.00425,0.0,-0.004999999999999999,-0.010916666666666667,0.0009166666666666621,0.014166666666666668,-0.00683333333333333,0.030166666666666654
zz_r1_d2,32,matched_minus_mismatched,30,0.027047222222222167,0.016339027777777786,0.033065972222222205,0.017500000000000043,-0.004249999999999986,0.03400000000000001,-0.0016666666666666668,-0.005,0.0,-0.003333333333333333,-0.009250000000000001,0.003333333333333334,0.023333333333333338,0.010749999999999997,0.046833333333333324
zz_r1_d2,32,matched_minus_naive_mean,30,0.03473472222222218,0.023630555555555505,0.04387055555555544,0.02250000000000002,0.0011666666666666414,0.04499999999999999,0.0,-0.0033333333333333335,0.0016666666666666668,0.0008333333333333331,-0.008333333333333335,0.003333333333333334,0.020833333333333336,0.007416666666666667,0.04333333333333333
zz_r1_d2,512,matched_minus_deconvolved_mean,30,0.011715277777777755,0.00014722222222220426,0.021754999999999924,0.006666666666666626,-0.011833333333333272,0.02200000000000004,-0.003333333333333333,-0.007583333333333333,0.0016666666666666668,-0.0025000000000000005,-0.011083333333333332,0.005,0.0008333333333333318,-0.01925,0.013833333333333305
zz_r1_d2,512,matched_minus_mismatched,30,0.040331944444444434,0.033256111111111104,0.04754736111111109,0.03666666666666668,0.025000000000000022,0.04775,0.0016666666666666668,0.0,0.0033333333333333335,0.003333333333333333,-0.001666666666666667,0.009249999999999994,0.025000000000000005,0.018333333333333333,0.034249999999999996
zz_r1_d2,512,matched_minus_naive_mean,30,0.040606944444444404,0.033653194444444416,0.048019305555555516,0.03666666666666668,0.024083333333333394,0.04774999999999997,0.0016666666666666668,0.0,0.0033333333333333335,0.003333333333333333,-0.001666666666666667,0.009249999999999994,0.025000000000000005,0.019999999999999997,0.03166666666666667
zz_r1_d2,64,matched_minus_deconvolved_mean,30,0.02277777777777784,0.008355277777777753,0.033399583333333316,0.010000000000000037,-0.012749999999999925,0.03183333333333327,-0.0016666666666666668,-0.00425,0.0,-0.008333333333333333,-0.015,-0.001666666666666667,0.0024999999999999988,-0.014249999999999997,0.01258333333333333
zz_r1_d2,64,matched_minus_mismatched,30,0.0320805555555555,0.02626361111111104,0.04655083333333331,0.024166666666666642,0.010000000000000009,0.04349999999999995,0.0,-0.005,0.0,-0.0033333333333333335,-0.010916666666666667,0.005916666666666662,0.018333333333333333,0.008333333333333335,0.03
zz_r1_d2,64,matched_minus_naive_mean,30,0.035798611111111045,0.03022847222222222,0.05063805555555566,0.03166666666666665,0.01908333333333339,0.051666666666666666,0.0,-0.0009166666666666664,0.0,-0.001666666666666667,-0.0075833333333333326,0.005916666666666662,0.016666666666666666,0.004833333333333335,0.03258333333333333
zz_r1_d6,1024,matched_minus_deconvolved_mean,30,0.04253333333333342,0.028724583333333283,0.05184513888888887,0.030833333333333324,0.01649999999999997,0.046833333333333345,0.008333333333333333,0.0,0.016833333333333325,0.028333333333333335,0.019833333333333335,0.03924999999999999,0.07499999999999998,0.043916666666666666,0.09425000000000001
zz_r1_d6,1024,matched_minus_mismatched,30,0.03611388888888889,0.0295190277777777,0.041022499999999996,0.027500000000000024,0.012416666666666682,0.04533333333333327,0.013333333333333334,0.008333333333333333,0.020916666666666663,0.004166666666666666,-0.0016666666666666705,0.010916666666666661,0.033333333333333326,0.01316666666666667,0.045916666666666675
zz_r1_d6,1024,matched_minus_naive_mean,30,0.03653888888888901,0.02994472222222222,0.04143124999999998,0.02833333333333332,0.010583333333333337,0.04533333333333333,0.013333333333333334,0.008333333333333333,0.020916666666666663,0.004166666666666666,-0.0016666666666666705,0.010000000000000002,0.033333333333333326,0.018333333333333333,0.04516666666666667
zz_r1_d6,128,matched_minus_deconvolved_mean,30,0.06497500000000006,0.055464027777777765,0.07593152777777788,0.05666666666666664,0.035,0.07424999999999995,0.011666666666666665,0.004083333333333334,0.018333333333333333,0.035833333333333335,0.017083333333333332,0.04833333333333333,0.115,0.08908333333333332,0.13349999999999998
zz_r1_d6,128,matched_minus_mismatched,30,0.037713888888888936,0.02509486111111117,0.04388930555555554,0.026666666666666616,0.0022499999999999725,0.042583333333333286,0.018333333333333333,0.010750000000000001,0.024249999999999997,0.015833333333333335,-0.0016666666666666674,0.03166666666666667,0.04666666666666667,0.022833333333333327,0.065
zz_r1_d6,128,matched_minus_naive_mean,30,0.041154166666666714,0.027181250000000007,0.04637166666666659,0.026666666666666727,0.004500000000000036,0.04924999999999999,0.018333333333333333,0.010750000000000001,0.024249999999999997,0.01083333333333333,-0.006083333333333331,0.03091666666666666,0.05333333333333333,0.029999999999999992,0.07183333333333332
zz_r1_d6,256,matched_minus_deconvolved_mean,30,0.05358888888888891,0.0443280555555556,0.06785055555555558,0.03916666666666663,0.02000000000000001,0.06091666666666673,0.015,0.006666666666666666,0.024999999999999998,0.029166666666666667,0.0165,0.046999999999999986,0.10916666666666666,0.07783333333333334,0.12925
zz_r1_d6,256,matched_minus_mismatched,30,0.03695416666666662,0.030034166666666674,0.044348611111111144,0.021666666666666695,0.011666666666666683,0.05349999999999997,0.02,0.014083333333333333,0.029249999999999995,0.009166666666666667,-0.002583333333333332,0.02333333333333333,0.043333333333333335,0.024999999999999994,0.05924999999999999
zz_r1_d6,256,matched_minus_naive_mean,30,0.03911666666666669,0.03154305555555558,0.04626486111111116,0.025000000000000105,0.013916666666666692,0.057749999999999926,0.02,0.014083333333333333,0.029249999999999995,0.008333333333333331,-0.004416666666666668,0.021833333333333323,0.050833333333333335,0.029999999999999992,0.05924999999999999
zz_r1_d6,32,matched_minus_deconvolved_mean,30,0.08360972222222218,0.06880499999999991,0.09623847222222215,0.07083333333333337,0.042416666666666644,0.09349999999999999,0.0075,0.001666666666666667,0.019999999999999997,0.05083333333333333,0.030583333333333334,0.07258333333333333,0.11833333333333333,0.08708333333333333,0.14033333333333334
zz_r1_d6,32,matched_minus_mismatched,30,0.037594444444444375,0.02687708333333339,0.04936444444444453,0.0358333333333333,0.014999999999999958,0.05591666666666664,0.01583333333333333,0.01,0.03,0.030833333333333334,0.011666666666666665,0.058333333333333334,0.048333333333333325,0.02391666666666667,0.06941666666666665
zz_r1_d6,32,matched_minus_naive_mean,30,0.04636527777777777,0.03372277777777776,0.06205444444444441,0.04416666666666663,0.014666666666666599,0.07016666666666657,0.01583333333333333,0.01,0.03,0.025000000000000005,0.00741666666666667,0.05424999999999999,0.06333333333333334,0.044666666666666674,0.08291666666666665
zz_r1_d6,512,matched_minus_deconvolved_mean,30,0.050136111111111104,0.040712500000000075,0.06164513888888884,0.04083333333333333,0.02149999999999992,0.06166666666666671,0.009999999999999998,0.001666666666666667,0.018333333333333333,0.0275,0.016666666666666663,0.03683333333333332,0.08750000000000001,0.059833333333333336,0.11941666666666663
zz_r1_d6,512,matched_minus_mismatched,30,0.03575555555555554,0.03026722222222229,0.042892916666666545,0.025000000000000022,0.014083333333333326,0.039416666666666614,0.016666666666666666,0.008166666666666668,0.024249999999999997,0.0049999999999999975,-0.002583333333333335,0.015,0.03583333333333332,0.018166666666666654,0.05441666666666665
zz_r1_d6,512,matched_minus_naive_mean,30,0.036577777777777765,0.03135000000000015,0.04383458333333325,0.025833333333333375,0.0131666666666667,0.03850000000000001,0.016666666666666666,0.008166666666666668,0.024249999999999997,0.004166666666666666,-0.002583333333333335,0.013333333333333332,0.03333333333333333,0.023916666666666656,0.055
zz_r1_d6,64,matched_minus_deconvolved_mean,30,0.07611944444444435,0.058972916666666764,0.09060138888888888,0.05666666666666667,0.03208333333333334,0.08016666666666665,0.008333333333333333,0.0015000000000000005,0.030166666666666658,0.04416666666666667,0.026500000000000003,0.06683333333333333,0.11916666666666667,0.09074999999999998,0.14016666666666666
zz_r1_d6,64,matched_minus_mismatched,30,0.03638472222222222,0.026712361111111214,0.0488537499999999,0.02749999999999994,0.009083333333333322,0.054416666666666565,0.016666666666666666,0.010750000000000001,0.03924999999999999,0.029166666666666664,0.011666666666666667,0.04591666666666666,0.04833333333333333,0.023166666666666665,0.06924999999999999
zz_r1_d6,64,matched_minus_naive_mean,30,0.042323611111111215,0.031965972222222194,0.05402527777777775,0.0325,0.017416666666666636,0.059416666666666604,0.016666666666666666,0.010750000000000001,0.03924999999999999,0.0225,0.004083333333333333,0.042583333333333334,0.05999999999999999,0.03666666666666667,0.08641666666666663
zz_r5_d2,1024,matched_minus_deconvolved_mean,30,0.0008152777777777898,-0.0009156944444444646,0.002582638888889004,0.0016666666666667052,-0.0050000000000000044,0.005916666666666687,0.0,-0.0016666666666666668,0.0,0.006666666666666666,0.001666666666666667,0.016666666666666666,0.001666666666666667,-0.0016666666666666705,0.006666666666666668
zz_r5_d2,1024,matched_minus_mismatched,30,0.013038888888888933,0.010221111111111075,0.015094027777777812,0.028333333333333377,0.01574999999999998,0.03758333333333336,0.0,0.0,0.0,0.004166666666666667,-0.0033333333333333322,0.011833333333333326,0.005833333333333333,-0.003333333333333334,0.012583333333333325
zz_r5_d2,1024,matched_minus_naive_mean,30,0.012997222222222271,0.010221388888888915,0.015138472222222192,0.028333333333333377,0.01574999999999992,0.03758333333333331,0.0,0.0,0.0,0.004999999999999999,-0.0033333333333333322,0.011833333333333326,0.006666666666666661,-0.003333333333333334,0.012583333333333325
zz_r5_d2,128,matched_minus_deconvolved_mean,30,0.004045833333333304,-0.0015726388888888552,0.008866666666666622,0.0050000000000000044,-0.004250000000000037,0.018500000000000023,-0.0016666666666666668,-0.0033333333333333335,0.0,0.009999999999999998,0.0007500000000000004,0.01666666666666667,0.0066666666666666645,-0.0035000000000000035,0.01758333333333333
zz_r5_d2,128,matched_minus_mismatched,30,0.00995555555555555,0.005601666666666738,0.015774722222222225,0.026666666666666727,0.010749999999999977,0.04500000000000001,0.0,0.0,0.0,0.0033333333333333327,-0.001666666666666667,0.011666666666666669,0.003333333333333334,-0.005000000000000001,0.01333333333333334
zz_r5_d2,128,matched_minus_naive_mean,30,0.009962499999999985,0.005566388888888868,0.015566111111111084,0.027500000000000024,0.009999999999999978,0.04925000000000001,0.0,0.0,0.0,0.004999999999999999,-0.001666666666666667,0.01258333333333333,0.0016666666666666705,-0.007749999999999995,0.013333333333333332
zz_r5_d2,256,matched_minus_deconvolved_mean,30,0.0016652777777778072,-0.0020295833333332514,0.004885555555555536,0.0033333333333332438,-0.005916666666666631,0.009250000000000036,0.0,-0.0033333333333333335,0.0,0.009999999999999998,0.0007500000000000004,0.017749999999999988,0.001666666666666667,-0.004250000000000002,0.013499999999999993
zz_r5_d2,256,matched_minus_mismatched,30,0.011284722222222265,0.00782374999999998,0.014646250000000052,0.028333333333333294,0.014083333333333276,0.043666666666666645,0.0,0.0,0.0,0.006666666666666666,-0.0009166666666666656,0.013333333333333334,0.0049999999999999975,-0.003333333333333334,0.015
zz_r5_d2,256,matched_minus_naive_mean,30,0.011230555555555632,0.007667916666666663,0.014702222222222307,0.028333333333333377,0.012416666666666621,0.040000000000000036,0.0,0.0,0.0,0.006666666666666666,-0.0009166666666666656,0.013333333333333334,0.005833333333333329,-0.002583333333333335,0.01425
zz_r5_d2,32,matched_minus_deconvolved_mean,30,0.009431944444444507,-0.001966388888888914,0.017974583333333342,0.010000000000000009,-0.015000000000000013,0.02424999999999999,-0.0016666666666666668,-0.005,0.0,0.005,-0.0016666666666666666,0.015916666666666662,0.005833333333333336,-0.009999999999999995,0.019249999999999996
zz_r5_d2,32,matched_minus_mismatched,30,0.00832638888888887,0.00024055555555552188,0.01775222222222224,0.015000000000000013,-0.0009166666666666876,0.039416666666666725,0.0,0.0,0.0,0.0,-0.005000000000000001,0.009249999999999996,-0.0016666666666666635,-0.006666666666666668,0.009999999999999998
zz_r5_d2,32,matched_minus_naive_mean,30,0.008784722222222208,0.0006362499999999885,0.021844861111111103,0.01333333333333342,-0.0033333333333333604,0.035500000000000004,0.0,0.0,0.0,0.0041666666666666675,-0.005166666666666667,0.015916666666666662,0.0,-0.010916666666666663,0.009416666666666657
zz_r5_d2,512,matched_minus_deconvolved_mean,30,0.0007541666666667224,-0.002036805555555565,0.003752638888888913,0.0016666666666667052,-0.005166666666666663,0.008499999999999954,0.0,-0.0033333333333333335,0.0,0.007500000000000001,-0.003333333333333334,0.016833333333333325,0.003333333333333334,-0.004250000000000002,0.012583333333333332
zz_r5_d2,512,matched_minus_mismatched,30,0.014259722222222215,0.007436249999999989,0.01643638888888893,0.02999999999999997,0.017416666666666625,0.04758333333333332,0.0,0.0,0.0,0.005,0.0016666666666666661,0.011833333333333326,0.007500000000000003,-0.002583333333333335,0.015166666666666656
zz_r5_d2,512,matched_minus_naive_mean,30,0.014401388888888922,0.007446944444444453,0.016496944444444443,0.02999999999999997,0.016666666666666656,0.047583333333333346,0.0,0.0,0.0,0.005,0.0016666666666666661,0.011833333333333326,0.007500000000000003,-0.002583333333333332,0.015166666666666656
zz_r5_d2,64,matched_minus_deconvolved_mean,30,0.005361111111111094,-0.0006306944444444351,0.011070000000000016,0.0025000000000000022,-0.007583333333333397,0.014416666666666652,0.0,-0.006666666666666667,0.0,0.01,0.0007500000000000004,0.02,0.006666666666666668,-0.009416666666666662,0.021083333333333322
zz_r5_d2,64,matched_minus_mismatched,30,0.009472222222222215,0.0045134722222220985,0.018717222222222097,0.02083333333333337,-0.0010833333333332964,0.04350000000000002,0.0,0.0,0.0,0.003333333333333333,-0.00425,0.013333333333333334,0.005833333333333329,-0.0059166666666666656,0.015000000000000003
zz_r5_d2,64,matched_minus_naive_mean,30,0.00969722222222219,0.004917638888888843,0.019654583333333215,0.01916666666666661,0.0016666666666667052,0.04091666666666672,0.0,0.0,0.0,0.003333333333333334,-0.003333333333333333,0.01758333333333333,0.004166666666666673,-0.008499999999999997,0.016833333333333332
zz_r5_d6,1024,matched_minus_deconvolved_mean,30,0.006913888888888775,0.000573055555555519,0.010577777777777724,-0.004166666666666707,-0.01258333333333334,0.0009166666666666221,0.009166666666666667,-0.004249999999999999,0.013333333333333334,-0.0016666666666666635,-0.008500000000000002,0.01,0.0016666666666666774,-0.007583333333333354,0.014250000000000004
zz_r5_d6,1024,matched_minus_mismatched,30,0.020381944444444466,0.018504861111111003,0.025190833333333277,0.011666666666666659,-0.0034999999999999944,0.023500000000000052,-0.004999999999999999,-0.01,-0.0016666666666666661,-0.009166666666666663,-0.018333333333333337,-0.0016666666666666635,0.022500000000000006,0.00816666666666668,0.03258333333333333
zz_r5_d6,1024,matched_minus_naive_mean,30,0.020570833333333316,0.01869555555555551,0.02542166666666665,0.011666666666666686,-0.0034999999999999944,0.024250000000000025,-0.004999999999999999,-0.01,-0.0016666666666666661,-0.009999999999999995,-0.018333333333333337,-0.00241666666666667,0.02416666666666667,0.009083333333333337,0.03258333333333333
zz_r5_d6,128,matched_minus_deconvolved_mean,30,0.01708194444444444,0.0116638888888889,0.028405833333333293,0.00250000000000003,-0.012583333333333401,0.016833333333333343,0.01,-0.0025833333333333324,0.016666666666666666,0.0008333333333333318,-0.011833333333333333,0.022333333333333295,0.003333333333333341,-0.008333333333333331,0.02124999999999997
zz_r5_d6,128,matched_minus_mismatched,30,0.023061111111111088,0.01799652777777777,0.02912166666666659,0.012499999999999983,-0.0009166666666666931,0.02925000000000003,-0.003333333333333333,-0.01,0.0,-0.004166666666666666,-0.018499999999999996,0.009249999999999994,0.021666666666666667,-0.0021666666666666605,0.04591666666666667
zz_r5_d6,128,matched_minus_naive_mean,30,0.024505555555555614,0.0191891666666667,0.030682638888888884,0.016666666666666607,0.001499999999999991,0.02999999999999995,-0.0025000000000000005,-0.01,0.0,-0.0049999999999999975,-0.01775,0.009249999999999991,0.021666666666666667,0.0039166666666666655,0.05033333333333332
zz_r5_d6,256,matched_minus_deconvolved_mean,30,0.012681944444444482,0.003910833333333324,0.02216152777777786,-0.004166666666666652,-0.012583333333333427,0.010000000000000014,0.01,-0.005333333333333332,0.018333333333333333,-0.0016666666666666635,-0.01666666666666667,0.01591666666666666,0.0,-0.008333333333333331,0.011666666666666686
zz_r5_d6,256,matched_minus_mismatched,30,0.021961111111111098,0.01804763888888879,0.028264166666666615,0.011666666666666686,-0.0016666666666666496,0.03000000000000009,-0.003333333333333333,-0.00925,0.0,-0.008333333333333333,-0.016833333333333336,0.003333333333333334,0.020833333333333343,0.005749999999999995,0.033333333333333326
zz_r5_d6,256,matched_minus_naive_mean,30,0.02270972222222223,0.018548472222222036,0.029185138888888764,0.015000000000000013,-0.00016666666666663378,0.03166666666666674,-0.003333333333333333,-0.00925,0.0,-0.008333333333333333,-0.01775,0.0025833333333333307,0.023333333333333345,0.008333333333333331,0.034249999999999996
zz_r5_d6,32,matched_minus_deconvolved_mean,30,0.036462500000000064,0.025837222222222216,0.04403513888888899,0.025833333333333236,0.00483333333333342,0.03850000000000004,0.008333333333333333,-0.0009166666666666665,0.014249999999999995,0.0024999999999999988,-0.014249999999999997,0.016999999999999984,0.010000000000000009,-0.003333333333333327,0.02199999999999998
zz_r5_d6,32,matched_minus_mismatched,30,0.02181666666666665,0.015129861111111104,0.028467361111111162,0.017500000000000043,-0.005916666666666636,0.036249999999999886,-0.003333333333333334,-0.01,-0.0007500000000000041,0.0,-0.008333333333333335,0.008333333333333333,0.021666666666666667,0.004833333333333353,0.04608333333333332
zz_r5_d6,32,matched_minus_naive_mean,30,0.026818055555555553,0.019399444444444545,0.033204722222222254,0.022500000000000048,0.003333333333333319,0.03758333333333337,-0.001666666666666667,-0.008333333333333333,0.001666666666666667,0.0,-0.008333333333333331,0.006666666666666668,0.02750000000000001,0.007250000000000007,0.05516666666666666
zz_r5_d6,512,matched_minus_deconvolved_mean,30,0.010552777777777744,0.003656527777777879,0.016126805555555544,-0.0016666666666667052,-0.016083333333333255,0.005916666666666652,0.01,-0.0033333333333333322,0.018499999999999992,-0.003333333333333334,-0.011666666666666665,0.017583333333333326,0.003333333333333327,-0.009416666666666657,0.019249999999999996
zz_r5_d6,512,matched_minus_mismatched,30,0.02109305555555563,0.01696930555555553,0.025981805555555654,0.006666666666666737,-0.0016666666666666496,0.01833333333333329,-0.005000000000000001,-0.01,-0.0007500000000000041,-0.008333333333333331,-0.018333333333333333,0.0025833333333333277,0.018333333333333326,0.00558333333333333,0.04274999999999998
zz_r5_d6,512,matched_minus_naive_mean,30,0.021377777777777884,0.017257638888888854,0.026360972222222268,0.00666666666666671,-0.000916666666666657,0.01758333333333331,-0.005000000000000001,-0.008333333333333333,-0.0007500000000000041,-0.008333333333333331,-0.018333333333333333,0.0025833333333333277,0.01999999999999999,0.008916666666666672,0.04333333333333332
zz_r5_d6,64,matched_minus_deconvolved_mean,30,0.028147222222222157,0.01660291666666669,0.03953027777777786,0.013333333333333391,-0.012750000000000004,0.033333333333333326,0.008333333333333333,0.0004166666666666676,0.02108333333333332,0.0049999999999999975,-0.015916666666666666,0.02941666666666665,0.013333333333333322,-0.007583333333333341,0.03124999999999997
zz_r5_d6,64,matched_minus_mismatched,30,0.02136944444444433,0.016976805555555613,0.028923055555555643,0.020833333333333315,-0.004583333333333296,0.03666666666666665,-0.003333333333333334,-0.008333333333333333,0.0,0.0,-0.011666666666666664,0.010916666666666667,0.020000000000000004,0.007416666666666675,0.043666666666666645
zz_r5_d6,64,matched_minus_naive_mean,30,0.0242,0.019188611111111115,0.03135722222222226,0.024166666666666642,0.0022499999999999972,0.03683333333333331,-0.003333333333333334,-0.006666666666666667,0.0,-0.0008333333333333318,-0.014249999999999999,0.010916666666666661,0.025833333333333333,0.004999999999999989,0.04999999999999999
