target_id,sample_id,source_split,source_index,transpiler_seed,optimization_level,backend_name,transpiled_depth,transpiled_total_gates,transpiled_one_qubit_gates,transpiled_two_qubit_gates,transpiled_multi_qubit_gates,measurement_operations,operation_counts,num_qubits,num_clbits
MNIST_QNN_eff_su2_r5_d2_s45,92c010e823ad2f73,train,0,2026,1,ibm_kingston,128,387,342,45,0,6,"{""cz"": 45, ""measure"": 6, ""rz"": 209, ""sx"": 133}",156,6
MNIST_QNN_eff_su2_r5_d2_s45,0e58431bed52e4ab,train,1,2026,1,ibm_kingston,128,387,342,45,0,6,"{""cz"": 45, ""measure"": 6, ""rz"": 209, ""sx"": 133}",156,6
MNIST_QNN_eff_su2_r5_d2_s45,40cb926b08d92d88,train,2,2026,1,ibm_kingston,128,387,342,45,0,6,"{""cz"": 45, ""measure"": 6, ""rz"": 209, ""sx"": 133}",156,6
MNIST_QNN_eff_su2_r5_d2_s45,25c342eba5dc248d,train,8,2026,1,ibm_kingston,128,387,342,45,0,6,"{""cz"": 45, ""measure"": 6, ""rz"": 209, ""sx"": 133}",156,6
MNIST_QNN_eff_su2_r5_d2_s45,e50a3909a8f17e31,train,11,2026,1,ibm_kingston,128,387,342,45,0,6,"{""cz"": 45, ""measure"": 6, ""rz"": 209, ""sx"": 133}",156,6
MNIST_QNN_eff_su2_r5_d2_s45,e2804dafb8042fb5,train,13,2026,1,ibm_kingston,128,387,342,45,0,6,"{""cz"": 45, ""measure"": 6, ""rz"": 209, ""sx"": 133}",156,6
MNIST_QNN_eff_su2_r5_d2_s45,5fc184b2f01a1489,train,14,2026,1,ibm_kingston,128,387,342,45,0,6,"{""cz"": 45, ""measure"": 6, ""rz"": 209, ""sx"": 133}",156,6
MNIST_QNN_eff_su2_r5_d2_s45,19eff6293ed1eecc,train,15,2026,1,ibm_kingston,128,387,342,45,0,6,"{""cz"": 45, ""measure"": 6, ""rz"": 209, ""sx"": 133}",156,6
MNIST_QNN_eff_su2_r5_d2_s45,c28bd72931a6e9c0,train,18,2026,1,ibm_kingston,128,387,342,45,0,6,"{""cz"": 45, ""measure"": 6, ""rz"": 209, ""sx"": 133}",156,6
MNIST_QNN_eff_su2_r5_d2_s45,2481717a8993a05e,train,19,2026,1,ibm_kingston,128,387,342,45,0,6,"{""cz"": 45, ""measure"": 6, ""rz"": 209, ""sx"": 133}",156,6
MNIST_QNN_eff_su2_r5_d2_s45,dc30fe571f8ae8a9,train,20,2026,1,ibm_kingston,128,387,342,45,0,6,"{""cz"": 45, ""measure"": 6, ""rz"": 209, ""sx"": 133}",156,6
MNIST_QNN_eff_su2_r5_d2_s45,b32cf1650eeff365,train,21,2026,1,ibm_kingston,128,387,342,45,0,6,"{""cz"": 45, ""measure"": 6, ""rz"": 209, ""sx"": 133}",156,6
MNIST_QNN_eff_su2_r5_d2_s45,5bbb39b6d0e6abff,train,25,2026,1,ibm_kingston,128,387,342,45,0,6,"{""cz"": 45, ""measure"": 6, ""rz"": 209, ""sx"": 133}",156,6
MNIST_QNN_eff_su2_r5_d2_s45,55bf8b1638338b9e,train,30,2026,1,ibm_kingston,128,387,342,45,0,6,"{""cz"": 45, ""measure"": 6, ""rz"": 209, ""sx"": 133}",156,6
MNIST_QNN_eff_su2_r5_d2_s45,58b154e1cb505ec2,train,31,2026,1,ibm_kingston,128,387,342,45,0,6,"{""cz"": 45, ""measure"": 6, ""rz"": 209, ""sx"": 133}",156,6
MNIST_QNN_eff_su2_r5_d2_s45,fe6a8cd109fc94e5,train,33,2026,1,ibm_kingston,128,387,342,45,0,6,"{""cz"": 45, ""measure"": 6, ""rz"": 209, ""sx"": 133}",156,6
MNIST_QNN_eff_su2_r5_d2_s45,f13fd5fe49b1927e,train,34,2026,1,ibm_kingston,128,387,342,45,0,6,"{""cz"": 45, ""measure"": 6, ""rz"": 209, ""sx"": 133}",156,6
MNIST_QNN_eff_su2_r5_d2_s45,d4a89ed531c75d4c,train,35,2026,1,ibm_kingston,128,387,342,45,0,6,"{""cz"": 45, ""measure"": 6, ""rz"": 209, ""sx"": 133}",156,6
MNIST_QNN_eff_su2_r5_d2_s45,a3e2614b01dae4dc,train,37,2026,1,ibm_kingston,128,387,342,45,0,6,"{""cz"": 45, ""measure"": 6, ""rz"": 209, ""sx"": 133}",156,6
MNIST_QNN_eff_su2_r5_d2_s45,9b7f2c9fa2675054,train,38,2026,1,ibm_kingston,128,387,342,45,0,6,"{""cz"": 45, ""measure"": 6, ""rz"": 209, ""sx"": 133}",156,6
MNIST_QNN_eff_su2_r5_d2_s45,f55e25cf6348b7da,train,39,2026,1,ibm_kingston,128,387,342,45,0,6,"{""cz"": 45, ""measure"": 6, ""rz"": 209, ""sx"": 133}",156,6
MNIST_QNN_eff_su2_r5_d2_s45,8ea72f7a35a859cc,train,40,2026,1,ibm_kingston,128,387,342,45,0,6,"{""cz"": 45, ""measure"": 6, ""rz"": 209, ""sx"": 133}",156,6
MNIST_QNN_eff_su2_r5_d2_s45,3f8af0abb9b1e415,train,43,2026,1,ibm_kingston,128,387,342,45,0,6,"{""cz"": 45, ""measure"": 6, ""rz"": 209, ""sx"": 133}",156,6
MNIST_QNN_eff_su2_r5_d2_s45,a5e534264874bb62,train,46,2026,1,ibm_kingston,128,387,342,45,0,6,"{""cz"": 45, ""measure"": 6, ""rz"": 209, ""sx"": 133}",156,6
MNIST_QNN_eff_su2_r5_d2_s45,1a75b88a33c373b9,train,47,2026,1,ibm_kingston,128,387,342,45,0,6,"{""cz"": 45, ""measure"": 6, ""rz"": 209, ""sx"": 133}",156,6
MNIST_QNN_eff_su2_r5_d2_s45,8e7f84a9b2e3a004,train,48,2026,1,ibm_kingston,128,387,342,45,0,6,"{""cz"": 45, ""measure"": 6, ""rz"": 209, ""sx"": 133}",156,6
MNIST_QNN_eff_su2_r5_d2_s45,e6aaa1383ef33482,train,49,2026,1,ibm_kingston,128,387,342,45,0,6,"{""cz"": 45, ""measure"": 6, ""rz"": 209, ""sx"": 133}",156,6
MNIST_QNN_eff_su2_r5_d2_s45,a234d5cee77b3715,train,51,2026,1,ibm_kingston,128,387,342,45,0,6,"{""cz"": 45, ""measure"": 6, ""rz"": 209, ""sx"": 133}",156,6
MNIST_QNN_eff_su2_r5_d2_s45,23cb47065a7daad1,train,55,2026,1,ibm_kingston,128,387,342,45,0,6,"{""cz"": 45, ""measure"": 6, ""rz"": 209, ""sx"": 133}",156,6
MNIST_QNN_eff_su2_r5_d2_s45,6c8dbb69b8c583fb,train,57,2026,1,ibm_kingston,128,387,342,45,0,6,"{""cz"": 45, ""measure"": 6, ""rz"": 209, ""sx"": 133}",156,6
MNIST_QNN_eff_su2_r5_d2_s45,49ff56ef58859e7d,train,58,2026,1,ibm_kingston,128,387,342,45,0,6,"{""cz"": 45, ""measure"": 6, ""rz"": 209, ""sx"": 133}",156,6
MNIST_QNN_eff_su2_r5_d2_s45,55ed86172017ec93,train,60,2026,1,ibm_kingston,128,387,342,45,0,6,"{""cz"": 45, ""measure"": 6, ""rz"": 209, ""sx"": 133}",156,6
MNIST_QNN_eff_su2_r5_d2_s45,178f1aa8b5dfb18a,train,62,2026,1,ibm_kingston,128,387,342,45,0,6,"{""cz"": 45, ""measure"": 6, ""rz"": 209, ""sx"": 133}",156,6
MNIST_QNN_eff_su2_r5_d2_s45,39ee977859ba4f1a,train,66,2026,1,ibm_kingston,128,387,342,45,0,6,"{""cz"": 45, ""measure"": 6, ""rz"": 209, ""sx"": 133}",156,6
MNIST_QNN_eff_su2_r5_d2_s45,cc8a18b2dc134b80,train,67,2026,1,ibm_kingston,128,387,342,45,0,6,"{""cz"": 45, ""measure"": 6, ""rz"": 209, ""sx"": 133}",156,6
MNIST_QNN_eff_su2_r5_d2_s45,9f877777f3e1b03b,train,68,2026,1,ibm_kingston,128,387,342,45,0,6,"{""cz"": 45, ""measure"": 6, ""rz"": 209, ""sx"": 133}",156,6
MNIST_QNN_eff_su2_r5_d2_s45,a0d4abb759d2f4e3,train,69,2026,1,ibm_kingston,128,387,342,45,0,6,"{""cz"": 45, ""measure"": 6, ""rz"": 209, ""sx"": 133}",156,6
MNIST_QNN_eff_su2_r5_d2_s45,c4f317fc266a08a1,train,70,2026,1,ibm_kingston,128,387,342,45,0,6,"{""cz"": 45, ""measure"": 6, ""rz"": 209, ""sx"": 133}",156,6
MNIST_QNN_eff_su2_r5_d2_s45,2feb011e180acd56,train,73,2026,1,ibm_kingston,128,387,342,45,0,6,"{""cz"": 45, ""measure"": 6, ""rz"": 209, ""sx"": 133}",156,6
MNIST_QNN_eff_su2_r5_d2_s45,b6dd2d93fd948e94,train,74,2026,1,ibm_kingston,128,387,342,45,0,6,"{""cz"": 45, ""measure"": 6, ""rz"": 209, ""sx"": 133}",156,6
MNIST_QNN_eff_su2_r5_d2_s45,4107f0c3dd5fc13b,train,75,2026,1,ibm_kingston,128,387,342,45,0,6,"{""cz"": 45, ""measure"": 6, ""rz"": 209, ""sx"": 133}",156,6
MNIST_QNN_eff_su2_r5_d2_s45,6749c35d379229c2,train,76,2026,1,ibm_kingston,128,387,342,45,0,6,"{""cz"": 45, ""measure"": 6, ""rz"": 209, ""sx"": 133}",156,6
MNIST_QNN_eff_su2_r5_d2_s45,434b4ec2287a921d,train,77,2026,1,ibm_kingston,128,387,342,45,0,6,"{""cz"": 45, ""measure"": 6, ""rz"": 209, ""sx"": 133}",156,6
MNIST_QNN_eff_su2_r5_d2_s45,36994e1b003a4eb7,train,79,2026,1,ibm_kingston,128,387,342,45,0,6,"{""cz"": 45, ""measure"": 6, ""rz"": 209, ""sx"": 133}",156,6
MNIST_QNN_eff_su2_r5_d2_s45,02bf12d00ec5146b,train,80,2026,1,ibm_kingston,128,387,342,45,0,6,"{""cz"": 45, ""measure"": 6, ""rz"": 209, ""sx"": 133}",156,6
MNIST_QNN_eff_su2_r5_d2_s45,62a840c999dd4372,train,82,2026,1,ibm_kingston,128,387,342,45,0,6,"{""cz"": 45, ""measure"": 6, ""rz"": 209, ""sx"": 133}",156,6
MNIST_QNN_eff_su2_r5_d2_s45,e277ecf536cf565c,train,84,2026,1,ibm_kingston,128,387,342,45,0,6,"{""cz"": 45, ""measure"": 6, ""rz"": 209, ""sx"": 133}",156,6
MNIST_QNN_eff_su2_r5_d2_s45,8e441a30bc3aaaba,train,86,2026,1,ibm_kingston,128,387,342,45,0,6,"{""cz"": 45, ""measure"": 6, ""rz"": 209, ""sx"": 133}",156,6
MNIST_QNN_eff_su2_r5_d2_s45,3b47b69611ef0ba4,train,87,2026,1,ibm_kingston,128,387,342,45,0,6,"{""cz"": 45, ""measure"": 6, ""rz"": 209, ""sx"": 133}",156,6
MNIST_QNN_eff_su2_r5_d2_s45,17b34e3ba3da31a7,train,88,2026,1,ibm_kingston,128,387,342,45,0,6,"{""cz"": 45, ""measure"": 6, ""rz"": 209, ""sx"": 133}",156,6
MNIST_QNN_eff_su2_r5_d2_s45,4733af71f68b1ad2,train,89,2026,1,ibm_kingston,128,387,342,45,0,6,"{""cz"": 45, ""measure"": 6, ""rz"": 209, ""sx"": 133}",156,6
MNIST_QNN_eff_su2_r5_d2_s45,ef1097acfa368dd6,train,91,2026,1,ibm_kingston,128,387,342,45,0,6,"{""cz"": 45, ""measure"": 6, ""rz"": 209, ""sx"": 133}",156,6
MNIST_QNN_eff_su2_r5_d2_s45,0367a062cea7392f,train,92,2026,1,ibm_kingston,128,387,342,45,0,6,"{""cz"": 45, ""measure"": 6, ""rz"": 209, ""sx"": 133}",156,6
MNIST_QNN_eff_su2_r5_d2_s45,019c79a1d32355f7,train,94,2026,1,ibm_kingston,128,387,342,45,0,6,"{""cz"": 45, ""measure"": 6, ""rz"": 209, ""sx"": 133}",156,6
MNIST_QNN_eff_su2_r5_d2_s45,dd33b6f9735f31ab,train,96,2026,1,ibm_kingston,128,387,342,45,0,6,"{""cz"": 45, ""measure"": 6, ""rz"": 209, ""sx"": 133}",156,6
MNIST_QNN_eff_su2_r5_d2_s45,076f31840ad509dd,train,98,2026,1,ibm_kingston,128,387,342,45,0,6,"{""cz"": 45, ""measure"": 6, ""rz"": 209, ""sx"": 133}",156,6
MNIST_QNN_eff_su2_r5_d2_s45,ae407b7fd3131245,train,100,2026,1,ibm_kingston,128,387,342,45,0,6,"{""cz"": 45, ""measure"": 6, ""rz"": 209, ""sx"": 133}",156,6
MNIST_QNN_eff_su2_r5_d2_s45,7dc0d4e18160ee31,train,101,2026,1,ibm_kingston,128,387,342,45,0,6,"{""cz"": 45, ""measure"": 6, ""rz"": 209, ""sx"": 133}",156,6
MNIST_QNN_eff_su2_r5_d2_s45,89323468fdbb62c8,train,103,2026,1,ibm_kingston,128,387,342,45,0,6,"{""cz"": 45, ""measure"": 6, ""rz"": 209, ""sx"": 133}",156,6
MNIST_QNN_eff_su2_r5_d2_s45,60481b5993784fd9,train,104,2026,1,ibm_kingston,128,387,342,45,0,6,"{""cz"": 45, ""measure"": 6, ""rz"": 209, ""sx"": 133}",156,6
MNIST_QNN_eff_su2_r5_d2_s45,e77ffbb7f4b43f90,train,105,2026,1,ibm_kingston,128,387,342,45,0,6,"{""cz"": 45, ""measure"": 6, ""rz"": 209, ""sx"": 133}",156,6
MNIST_QNN_eff_su2_r5_d2_s45,61ead54b6c61731e,train,109,2026,1,ibm_kingston,128,387,342,45,0,6,"{""cz"": 45, ""measure"": 6, ""rz"": 209, ""sx"": 133}",156,6
MNIST_QNN_eff_su2_r5_d2_s45,a02b0d8b050b25cb,train,112,2026,1,ibm_kingston,128,387,342,45,0,6,"{""cz"": 45, ""measure"": 6, ""rz"": 209, ""sx"": 133}",156,6
MNIST_QNN_eff_su2_r5_d2_s45,9b8bebf04c976bb5,train,114,2026,1,ibm_kingston,128,387,342,45,0,6,"{""cz"": 45, ""measure"": 6, ""rz"": 209, ""sx"": 133}",156,6
MNIST_QNN_eff_su2_r5_d2_s45,985b5e013e624d83,train,117,2026,1,ibm_kingston,128,387,342,45,0,6,"{""cz"": 45, ""measure"": 6, ""rz"": 209, ""sx"": 133}",156,6
MNIST_QNN_eff_su2_r5_d2_s45,2d655ef0886baf0b,train,120,2026,1,ibm_kingston,128,387,342,45,0,6,"{""cz"": 45, ""measure"": 6, ""rz"": 209, ""sx"": 133}",156,6
MNIST_QNN_eff_su2_r5_d2_s45,0a4ca665cee52ba9,train,122,2026,1,ibm_kingston,128,387,342,45,0,6,"{""cz"": 45, ""measure"": 6, ""rz"": 209, ""sx"": 133}",156,6
MNIST_QNN_eff_su2_r5_d2_s45,457712b429cc0764,train,124,2026,1,ibm_kingston,128,387,342,45,0,6,"{""cz"": 45, ""measure"": 6, ""rz"": 209, ""sx"": 133}",156,6
MNIST_QNN_eff_su2_r5_d2_s45,d6dc88bf0fc13d84,train,126,2026,1,ibm_kingston,128,387,342,45,0,6,"{""cz"": 45, ""measure"": 6, ""rz"": 209, ""sx"": 133}",156,6
MNIST_QNN_eff_su2_r5_d2_s45,d0c2f4ff1e5a1519,train,129,2026,1,ibm_kingston,128,387,342,45,0,6,"{""cz"": 45, ""measure"": 6, ""rz"": 209, ""sx"": 133}",156,6
MNIST_QNN_eff_su2_r5_d2_s45,5e02ac6b8464fffc,train,131,2026,1,ibm_kingston,128,387,342,45,0,6,"{""cz"": 45, ""measure"": 6, ""rz"": 209, ""sx"": 133}",156,6
MNIST_QNN_eff_su2_r5_d2_s45,494290d4d26f0132,train,132,2026,1,ibm_kingston,128,387,342,45,0,6,"{""cz"": 45, ""measure"": 6, ""rz"": 209, ""sx"": 133}",156,6
MNIST_QNN_eff_su2_r5_d2_s45,57a8d679096bb995,train,137,2026,1,ibm_kingston,128,387,342,45,0,6,"{""cz"": 45, ""measure"": 6, ""rz"": 209, ""sx"": 133}",156,6
MNIST_QNN_eff_su2_r5_d2_s45,78572efb4edd38fb,train,138,2026,1,ibm_kingston,128,387,342,45,0,6,"{""cz"": 45, ""measure"": 6, ""rz"": 209, ""sx"": 133}",156,6
MNIST_QNN_eff_su2_r5_d2_s45,25ce244ec7ea57b7,train,140,2026,1,ibm_kingston,128,387,342,45,0,6,"{""cz"": 45, ""measure"": 6, ""rz"": 209, ""sx"": 133}",156,6
MNIST_QNN_eff_su2_r5_d2_s45,91c9f1b68f80c690,train,143,2026,1,ibm_kingston,128,387,342,45,0,6,"{""cz"": 45, ""measure"": 6, ""rz"": 209, ""sx"": 133}",156,6
MNIST_QNN_eff_su2_r5_d2_s45,1443f3df33b5fc9c,train,144,2026,1,ibm_kingston,128,387,342,45,0,6,"{""cz"": 45, ""measure"": 6, ""rz"": 209, ""sx"": 133}",156,6
MNIST_QNN_eff_su2_r5_d2_s45,ca468cee07c88312,train,145,2026,1,ibm_kingston,128,387,342,45,0,6,"{""cz"": 45, ""measure"": 6, ""rz"": 209, ""sx"": 133}",156,6
MNIST_QNN_eff_su2_r5_d2_s45,ba0e29e7226d1c84,train,149,2026,1,ibm_kingston,128,387,342,45,0,6,"{""cz"": 45, ""measure"": 6, ""rz"": 209, ""sx"": 133}",156,6
MNIST_QNN_eff_su2_r5_d2_s45,21891c44988bbd24,train,152,2026,1,ibm_kingston,128,387,342,45,0,6,"{""cz"": 45, ""measure"": 6, ""rz"": 209, ""sx"": 133}",156,6
MNIST_QNN_eff_su2_r5_d2_s45,086d5fbda4e995e8,train,154,2026,1,ibm_kingston,128,387,342,45,0,6,"{""cz"": 45, ""measure"": 6, ""rz"": 209, ""sx"": 133}",156,6
MNIST_QNN_eff_su2_r5_d2_s45,c3199e30c69865aa,train,155,2026,1,ibm_kingston,128,387,342,45,0,6,"{""cz"": 45, ""measure"": 6, ""rz"": 209, ""sx"": 133}",156,6
MNIST_QNN_eff_su2_r5_d2_s45,9eb567abc02bf1d9,train,157,2026,1,ibm_kingston,128,387,342,45,0,6,"{""cz"": 45, ""measure"": 6, ""rz"": 209, ""sx"": 133}",156,6
MNIST_QNN_eff_su2_r5_d2_s45,e2a5a8a88a4988ec,train,160,2026,1,ibm_kingston,128,387,342,45,0,6,"{""cz"": 45, ""measure"": 6, ""rz"": 209, ""sx"": 133}",156,6
MNIST_QNN_eff_su2_r5_d2_s45,77f273743d3e0616,train,162,2026,1,ibm_kingston,128,387,342,45,0,6,"{""cz"": 45, ""measure"": 6, ""rz"": 209, ""sx"": 133}",156,6
MNIST_QNN_eff_su2_r5_d2_s45,ac711fec1721eac9,train,163,2026,1,ibm_kingston,128,387,342,45,0,6,"{""cz"": 45, ""measure"": 6, ""rz"": 209, ""sx"": 133}",156,6
MNIST_QNN_eff_su2_r5_d2_s45,90ff2b2977a60700,train,166,2026,1,ibm_kingston,128,387,342,45,0,6,"{""cz"": 45, ""measure"": 6, ""rz"": 209, ""sx"": 133}",156,6
MNIST_QNN_eff_su2_r5_d2_s45,76a6cf8a7b2309aa,train,170,2026,1,ibm_kingston,128,387,342,45,0,6,"{""cz"": 45, ""measure"": 6, ""rz"": 209, ""sx"": 133}",156,6
MNIST_QNN_eff_su2_r5_d2_s45,e9f8ead428f581c1,train,172,2026,1,ibm_kingston,128,387,342,45,0,6,"{""cz"": 45, ""measure"": 6, ""rz"": 209, ""sx"": 133}",156,6
MNIST_QNN_eff_su2_r5_d2_s45,e79a839c5654ca15,train,175,2026,1,ibm_kingston,128,387,342,45,0,6,"{""cz"": 45, ""measure"": 6, ""rz"": 209, ""sx"": 133}",156,6
MNIST_QNN_eff_su2_r5_d2_s45,15e754d6960973ed,train,176,2026,1,ibm_kingston,128,387,342,45,0,6,"{""cz"": 45, ""measure"": 6, ""rz"": 209, ""sx"": 133}",156,6
MNIST_QNN_eff_su2_r5_d2_s45,b71981c7f430f515,train,177,2026,1,ibm_kingston,128,387,342,45,0,6,"{""cz"": 45, ""measure"": 6, ""rz"": 209, ""sx"": 133}",156,6
MNIST_QNN_eff_su2_r5_d2_s45,fb140ffb830b2b04,train,183,2026,1,ibm_kingston,128,387,342,45,0,6,"{""cz"": 45, ""measure"": 6, ""rz"": 209, ""sx"": 133}",156,6
MNIST_QNN_eff_su2_r5_d2_s45,b99115c4a6495659,train,188,2026,1,ibm_kingston,128,387,342,45,0,6,"{""cz"": 45, ""measure"": 6, ""rz"": 209, ""sx"": 133}",156,6
MNIST_QNN_eff_su2_r5_d2_s45,6f4eae91e6adac4e,train,190,2026,1,ibm_kingston,128,387,342,45,0,6,"{""cz"": 45, ""measure"": 6, ""rz"": 209, ""sx"": 133}",156,6
MNIST_QNN_eff_su2_r5_d2_s45,5c63f34da6e994a4,train,193,2026,1,ibm_kingston,128,387,342,45,0,6,"{""cz"": 45, ""measure"": 6, ""rz"": 209, ""sx"": 133}",156,6
MNIST_QNN_eff_su2_r5_d2_s45,798a69c9e3b3178c,train,194,2026,1,ibm_kingston,128,387,342,45,0,6,"{""cz"": 45, ""measure"": 6, ""rz"": 209, ""sx"": 133}",156,6
MNIST_QNN_eff_su2_r5_d2_s45,657cfddc20300d47,train,196,2026,1,ibm_kingston,128,387,342,45,0,6,"{""cz"": 45, ""measure"": 6, ""rz"": 209, ""sx"": 133}",156,6
MNIST_QNN_eff_su2_r5_d2_s45,17bb3fd869b4acbf,train,197,2026,1,ibm_kingston,128,387,342,45,0,6,"{""cz"": 45, ""measure"": 6, ""rz"": 209, ""sx"": 133}",156,6
MNIST_QNN_eff_su2_r5_d2_s45,cf9d7632009a0fad,train,199,2026,1,ibm_kingston,128,387,342,45,0,6,"{""cz"": 45, ""measure"": 6, ""rz"": 209, ""sx"": 133}",156,6
MNIST_QNN_eff_su2_r5_d2_s45,cc7c1cc48ef050a0,test,0,2026,1,ibm_kingston,128,387,342,45,0,6,"{""cz"": 45, ""measure"": 6, ""rz"": 209, ""sx"": 133}",156,6
MNIST_QNN_eff_su2_r5_d2_s45,87b87bafed91f154,test,3,2026,1,ibm_kingston,128,387,342,45,0,6,"{""cz"": 45, ""measure"": 6, ""rz"": 209, ""sx"": 133}",156,6
MNIST_QNN_eff_su2_r5_d2_s45,58ab9cfe4e90c0d4,test,4,2026,1,ibm_kingston,128,387,342,45,0,6,"{""cz"": 45, ""measure"": 6, ""rz"": 209, ""sx"": 133}",156,6
MNIST_QNN_eff_su2_r5_d2_s45,708239c6a607b2de,test,7,2026,1,ibm_kingston,128,387,342,45,0,6,"{""cz"": 45, ""measure"": 6, ""rz"": 209, ""sx"": 133}",156,6
MNIST_QNN_eff_su2_r5_d2_s45,f90b4aaf96ea7a6c,test,8,2026,1,ibm_kingston,128,387,342,45,0,6,"{""cz"": 45, ""measure"": 6, ""rz"": 209, ""sx"": 133}",156,6
MNIST_QNN_eff_su2_r5_d2_s45,54a43e9340b8b4f2,test,11,2026,1,ibm_kingston,128,387,342,45,0,6,"{""cz"": 45, ""measure"": 6, ""rz"": 209, ""sx"": 133}",156,6
MNIST_QNN_eff_su2_r5_d2_s45,c4a4e1413c1ea69b,test,14,2026,1,ibm_kingston,128,387,342,45,0,6,"{""cz"": 45, ""measure"": 6, ""rz"": 209, ""sx"": 133}",156,6
MNIST_QNN_eff_su2_r5_d2_s45,3061d72cb7b12d80,test,15,2026,1,ibm_kingston,128,387,342,45,0,6,"{""cz"": 45, ""measure"": 6, ""rz"": 209, ""sx"": 133}",156,6
MNIST_QNN_eff_su2_r5_d2_s45,db084837d7512913,test,16,2026,1,ibm_kingston,128,387,342,45,0,6,"{""cz"": 45, ""measure"": 6, ""rz"": 209, ""sx"": 133}",156,6
MNIST_QNN_eff_su2_r5_d2_s45,6bddbdc9384d0ed3,test,18,2026,1,ibm_kingston,128,387,342,45,0,6,"{""cz"": 45, ""measure"": 6, ""rz"": 209, ""sx"": 133}",156,6
MNIST_QNN_eff_su2_r5_d2_s45,51f6da4d213dcf00,test,19,2026,1,ibm_kingston,128,387,342,45,0,6,"{""cz"": 45, ""measure"": 6, ""rz"": 209, ""sx"": 133}",156,6
MNIST_QNN_eff_su2_r5_d2_s45,64ad9386317b77cc,test,20,2026,1,ibm_kingston,128,387,342,45,0,6,"{""cz"": 45, ""measure"": 6, ""rz"": 209, ""sx"": 133}",156,6
MNIST_QNN_eff_su2_r5_d2_s45,29472e6fe60986e3,test,22,2026,1,ibm_kingston,128,387,342,45,0,6,"{""cz"": 45, ""measure"": 6, ""rz"": 209, ""sx"": 133}",156,6
MNIST_QNN_eff_su2_r5_d2_s45,d8090eae3281ed01,test,25,2026,1,ibm_kingston,128,387,342,45,0,6,"{""cz"": 45, ""measure"": 6, ""rz"": 209, ""sx"": 133}",156,6
MNIST_QNN_eff_su2_r5_d2_s45,1a2128d656f62dcb,test,30,2026,1,ibm_kingston,128,387,342,45,0,6,"{""cz"": 45, ""measure"": 6, ""rz"": 209, ""sx"": 133}",156,6
MNIST_QNN_eff_su2_r5_d2_s45,c83b338e2f7ff8d6,test,32,2026,1,ibm_kingston,128,387,342,45,0,6,"{""cz"": 45, ""measure"": 6, ""rz"": 209, ""sx"": 133}",156,6
MNIST_QNN_eff_su2_r5_d2_s45,619dba97f8fdd29f,test,36,2026,1,ibm_kingston,128,387,342,45,0,6,"{""cz"": 45, ""measure"": 6, ""rz"": 209, ""sx"": 133}",156,6
MNIST_QNN_eff_su2_r5_d2_s45,308317b4663a5e77,test,37,2026,1,ibm_kingston,128,387,342,45,0,6,"{""cz"": 45, ""measure"": 6, ""rz"": 209, ""sx"": 133}",156,6
MNIST_QNN_eff_su2_r5_d2_s45,07c5c5eb45e0eb40,test,38,2026,1,ibm_kingston,128,387,342,45,0,6,"{""cz"": 45, ""measure"": 6, ""rz"": 209, ""sx"": 133}",156,6
MNIST_QNN_eff_su2_r5_d2_s45,ccd7af57ad69a60a,test,40,2026,1,ibm_kingston,128,387,342,45,0,6,"{""cz"": 45, ""measure"": 6, ""rz"": 209, ""sx"": 133}",156,6
MNIST_QNN_eff_su2_r5_d2_s45,b08d68376c8eb236,test,41,2026,1,ibm_kingston,128,387,342,45,0,6,"{""cz"": 45, ""measure"": 6, ""rz"": 209, ""sx"": 133}",156,6
MNIST_QNN_eff_su2_r5_d2_s45,cd9f458f62a6d1e2,test,42,2026,1,ibm_kingston,128,387,342,45,0,6,"{""cz"": 45, ""measure"": 6, ""rz"": 209, ""sx"": 133}",156,6
MNIST_QNN_eff_su2_r5_d2_s45,ef4d86af22f2434c,test,43,2026,1,ibm_kingston,128,387,342,45,0,6,"{""cz"": 45, ""measure"": 6, ""rz"": 209, ""sx"": 133}",156,6
MNIST_QNN_eff_su2_r5_d2_s45,7f0c0192ffe4b29f,test,44,2026,1,ibm_kingston,128,387,342,45,0,6,"{""cz"": 45, ""measure"": 6, ""rz"": 209, ""sx"": 133}",156,6
MNIST_QNN_eff_su2_r5_d2_s45,12b9d469f356f720,test,45,2026,1,ibm_kingston,128,387,342,45,0,6,"{""cz"": 45, ""measure"": 6, ""rz"": 209, ""sx"": 133}",156,6
MNIST_QNN_eff_su2_r5_d2_s45,d3350fcfbd6f5808,test,46,2026,1,ibm_kingston,128,387,342,45,0,6,"{""cz"": 45, ""measure"": 6, ""rz"": 209, ""sx"": 133}",156,6
MNIST_QNN_eff_su2_r5_d2_s45,b9bc7001ba0a6cb5,test,47,2026,1,ibm_kingston,128,387,342,45,0,6,"{""cz"": 45, ""measure"": 6, ""rz"": 209, ""sx"": 133}",156,6
MNIST_QNN_eff_su2_r5_d2_s45,5995c28a763739db,test,49,2026,1,ibm_kingston,128,387,342,45,0,6,"{""cz"": 45, ""measure"": 6, ""rz"": 209, ""sx"": 133}",156,6
MNIST_QNN_eff_su2_r5_d2_s45,bfdcfa8f0d8cf3ad,test,52,2026,1,ibm_kingston,128,387,342,45,0,6,"{""cz"": 45, ""measure"": 6, ""rz"": 209, ""sx"": 133}",156,6
MNIST_QNN_eff_su2_r5_d2_s45,4e2f66ccbcde9141,test,53,2026,1,ibm_kingston,128,387,342,45,0,6,"{""cz"": 45, ""measure"": 6, ""rz"": 209, ""sx"": 133}",156,6
MNIST_QNN_eff_su2_r5_d2_s45,e41316eb43aca657,test,56,2026,1,ibm_kingston,128,387,342,45,0,6,"{""cz"": 45, ""measure"": 6, ""rz"": 209, ""sx"": 133}",156,6
MNIST_QNN_eff_su2_r5_d2_s45,ae62a98fc72a2486,test,58,2026,1,ibm_kingston,128,387,342,45,0,6,"{""cz"": 45, ""measure"": 6, ""rz"": 209, ""sx"": 133}",156,6
MNIST_QNN_eff_su2_r5_d2_s45,7747e86af4ed7acb,test,60,2026,1,ibm_kingston,128,387,342,45,0,6,"{""cz"": 45, ""measure"": 6, ""rz"": 209, ""sx"": 133}",156,6
MNIST_QNN_eff_su2_r5_d2_s45,456871d7c45bf7f7,test,61,2026,1,ibm_kingston,128,387,342,45,0,6,"{""cz"": 45, ""measure"": 6, ""rz"": 209, ""sx"": 133}",156,6
MNIST_QNN_eff_su2_r5_d2_s45,d4af87b901a65478,test,65,2026,1,ibm_kingston,128,387,342,45,0,6,"{""cz"": 45, ""measure"": 6, ""rz"": 209, ""sx"": 133}",156,6
MNIST_QNN_eff_su2_r5_d2_s45,abcb011e49d61e05,test,66,2026,1,ibm_kingston,128,387,342,45,0,6,"{""cz"": 45, ""measure"": 6, ""rz"": 209, ""sx"": 133}",156,6
MNIST_QNN_eff_su2_r5_d2_s45,fd6b4d7277b40fb4,test,68,2026,1,ibm_kingston,128,387,342,45,0,6,"{""cz"": 45, ""measure"": 6, ""rz"": 209, ""sx"": 133}",156,6
MNIST_QNN_eff_su2_r5_d2_s45,6e34dd3dfdb91187,test,69,2026,1,ibm_kingston,128,387,342,45,0,6,"{""cz"": 45, ""measure"": 6, ""rz"": 209, ""sx"": 133}",156,6
MNIST_QNN_eff_su2_r5_d2_s45,64a5f00c858fd493,test,70,2026,1,ibm_kingston,128,387,342,45,0,6,"{""cz"": 45, ""measure"": 6, ""rz"": 209, ""sx"": 133}",156,6
MNIST_QNN_eff_su2_r5_d2_s45,7f17e1b30e615817,test,72,2026,1,ibm_kingston,128,387,342,45,0,6,"{""cz"": 45, ""measure"": 6, ""rz"": 209, ""sx"": 133}",156,6
MNIST_QNN_eff_su2_r5_d2_s45,2c0f017512396e29,test,74,2026,1,ibm_kingston,128,387,342,45,0,6,"{""cz"": 45, ""measure"": 6, ""rz"": 209, ""sx"": 133}",156,6
MNIST_QNN_eff_su2_r5_d2_s45,6088fa95550b12b6,test,75,2026,1,ibm_kingston,128,387,342,45,0,6,"{""cz"": 45, ""measure"": 6, ""rz"": 209, ""sx"": 133}",156,6
MNIST_QNN_eff_su2_r5_d2_s45,0fd26eeac331f2e1,test,76,2026,1,ibm_kingston,128,387,342,45,0,6,"{""cz"": 45, ""measure"": 6, ""rz"": 209, ""sx"": 133}",156,6
MNIST_QNN_eff_su2_r5_d2_s45,2b6e357e0ceaa22d,test,78,2026,1,ibm_kingston,128,387,342,45,0,6,"{""cz"": 45, ""measure"": 6, ""rz"": 209, ""sx"": 133}",156,6
MNIST_QNN_eff_su2_r5_d2_s45,65c46a5620df52b9,test,80,2026,1,ibm_kingston,128,387,342,45,0,6,"{""cz"": 45, ""measure"": 6, ""rz"": 209, ""sx"": 133}",156,6
MNIST_QNN_eff_su2_r5_d2_s45,98c75e0ff905a985,test,83,2026,1,ibm_kingston,128,387,342,45,0,6,"{""cz"": 45, ""measure"": 6, ""rz"": 209, ""sx"": 133}",156,6
MNIST_QNN_eff_su2_r5_d2_s45,57c5b2555a8f2dc6,test,84,2026,1,ibm_kingston,128,387,342,45,0,6,"{""cz"": 45, ""measure"": 6, ""rz"": 209, ""sx"": 133}",156,6
MNIST_QNN_eff_su2_r5_d2_s45,3839995a9a0fa4de,test,85,2026,1,ibm_kingston,128,387,342,45,0,6,"{""cz"": 45, ""measure"": 6, ""rz"": 209, ""sx"": 133}",156,6
MNIST_QNN_eff_su2_r5_d2_s45,d5d7db8527e7030d,test,88,2026,1,ibm_kingston,128,387,342,45,0,6,"{""cz"": 45, ""measure"": 6, ""rz"": 209, ""sx"": 133}",156,6
MNIST_QNN_eff_su2_r5_d2_s45,c000f8fb3e45fa8f,test,89,2026,1,ibm_kingston,128,387,342,45,0,6,"{""cz"": 45, ""measure"": 6, ""rz"": 209, ""sx"": 133}",156,6
MNIST_QNN_eff_su2_r5_d2_s45,33060f953ff67801,test,94,2026,1,ibm_kingston,128,387,342,45,0,6,"{""cz"": 45, ""measure"": 6, ""rz"": 209, ""sx"": 133}",156,6
MNIST_QNN_eff_su2_r5_d2_s45,1268876f7044fdc9,test,96,2026,1,ibm_kingston,128,387,342,45,0,6,"{""cz"": 45, ""measure"": 6, ""rz"": 209, ""sx"": 133}",156,6
MNIST_QNN_eff_su2_r5_d2_s45,e5e6a7ec8e378bbd,test,100,2026,1,ibm_kingston,128,387,342,45,0,6,"{""cz"": 45, ""measure"": 6, ""rz"": 209, ""sx"": 133}",156,6
MNIST_QNN_eff_su2_r5_d2_s45,b5324434ebe7ae46,test,102,2026,1,ibm_kingston,128,387,342,45,0,6,"{""cz"": 45, ""measure"": 6, ""rz"": 209, ""sx"": 133}",156,6
MNIST_QNN_eff_su2_r5_d2_s45,069a016e888d1aa3,test,104,2026,1,ibm_kingston,128,387,342,45,0,6,"{""cz"": 45, ""measure"": 6, ""rz"": 209, ""sx"": 133}",156,6
MNIST_QNN_eff_su2_r5_d2_s45,90160685e9287f32,test,105,2026,1,ibm_kingston,128,387,342,45,0,6,"{""cz"": 45, ""measure"": 6, ""rz"": 209, ""sx"": 133}",156,6
MNIST_QNN_eff_su2_r5_d2_s45,d5bbd52a30bc5e8e,test,107,2026,1,ibm_kingston,128,387,342,45,0,6,"{""cz"": 45, ""measure"": 6, ""rz"": 209, ""sx"": 133}",156,6
MNIST_QNN_eff_su2_r5_d2_s45,f18d787442b20121,test,108,2026,1,ibm_kingston,128,387,342,45,0,6,"{""cz"": 45, ""measure"": 6, ""rz"": 209, ""sx"": 133}",156,6
MNIST_QNN_eff_su2_r5_d2_s45,ebe26dad29afb270,test,110,2026,1,ibm_kingston,128,387,342,45,0,6,"{""cz"": 45, ""measure"": 6, ""rz"": 209, ""sx"": 133}",156,6
MNIST_QNN_eff_su2_r5_d2_s45,d308d93d34cab3d5,test,112,2026,1,ibm_kingston,128,387,342,45,0,6,"{""cz"": 45, ""measure"": 6, ""rz"": 209, ""sx"": 133}",156,6
MNIST_QNN_eff_su2_r5_d2_s45,82900e27cf4be7a7,test,113,2026,1,ibm_kingston,128,387,342,45,0,6,"{""cz"": 45, ""measure"": 6, ""rz"": 209, ""sx"": 133}",156,6
MNIST_QNN_eff_su2_r5_d2_s45,9c92ab2831709bf5,test,115,2026,1,ibm_kingston,128,387,342,45,0,6,"{""cz"": 45, ""measure"": 6, ""rz"": 209, ""sx"": 133}",156,6
MNIST_QNN_eff_su2_r5_d2_s45,af385f30b0d80ddb,test,118,2026,1,ibm_kingston,128,387,342,45,0,6,"{""cz"": 45, ""measure"": 6, ""rz"": 209, ""sx"": 133}",156,6
MNIST_QNN_eff_su2_r5_d2_s45,2058e4a996961125,test,122,2026,1,ibm_kingston,128,387,342,45,0,6,"{""cz"": 45, ""measure"": 6, ""rz"": 209, ""sx"": 133}",156,6
MNIST_QNN_eff_su2_r5_d2_s45,b159ac44cef87fea,test,123,2026,1,ibm_kingston,128,387,342,45,0,6,"{""cz"": 45, ""measure"": 6, ""rz"": 209, ""sx"": 133}",156,6
MNIST_QNN_eff_su2_r5_d2_s45,4d5611971217ffbf,test,124,2026,1,ibm_kingston,128,387,342,45,0,6,"{""cz"": 45, ""measure"": 6, ""rz"": 209, ""sx"": 133}",156,6
MNIST_QNN_eff_su2_r5_d2_s45,77f7f9d7492deb43,test,125,2026,1,ibm_kingston,128,387,342,45,0,6,"{""cz"": 45, ""measure"": 6, ""rz"": 209, ""sx"": 133}",156,6
MNIST_QNN_eff_su2_r5_d2_s45,4c76370b22bc8623,test,127,2026,1,ibm_kingston,128,387,342,45,0,6,"{""cz"": 45, ""measure"": 6, ""rz"": 209, ""sx"": 133}",156,6
MNIST_QNN_eff_su2_r5_d2_s45,b4be7b72e15eb3d1,test,128,2026,1,ibm_kingston,128,387,342,45,0,6,"{""cz"": 45, ""measure"": 6, ""rz"": 209, ""sx"": 133}",156,6
MNIST_QNN_eff_su2_r5_d2_s45,3421a20e4b62a558,test,131,2026,1,ibm_kingston,128,387,342,45,0,6,"{""cz"": 45, ""measure"": 6, ""rz"": 209, ""sx"": 133}",156,6
MNIST_QNN_eff_su2_r5_d2_s45,640347a4548fb2e5,test,138,2026,1,ibm_kingston,128,387,342,45,0,6,"{""cz"": 45, ""measure"": 6, ""rz"": 209, ""sx"": 133}",156,6
MNIST_QNN_eff_su2_r5_d2_s45,acf4ddd3e572023d,test,139,2026,1,ibm_kingston,128,387,342,45,0,6,"{""cz"": 45, ""measure"": 6, ""rz"": 209, ""sx"": 133}",156,6
MNIST_QNN_eff_su2_r5_d2_s45,058f882410efad93,test,143,2026,1,ibm_kingston,128,387,342,45,0,6,"{""cz"": 45, ""measure"": 6, ""rz"": 209, ""sx"": 133}",156,6
MNIST_QNN_eff_su2_r5_d2_s45,549a656ce012ad24,test,149,2026,1,ibm_kingston,128,387,342,45,0,6,"{""cz"": 45, ""measure"": 6, ""rz"": 209, ""sx"": 133}",156,6
MNIST_QNN_eff_su2_r5_d2_s45,6c55d45d85895410,test,150,2026,1,ibm_kingston,128,387,342,45,0,6,"{""cz"": 45, ""measure"": 6, ""rz"": 209, ""sx"": 133}",156,6
MNIST_QNN_eff_su2_r5_d2_s45,889ea4d53785f1e1,test,151,2026,1,ibm_kingston,128,387,342,45,0,6,"{""cz"": 45, ""measure"": 6, ""rz"": 209, ""sx"": 133}",156,6
MNIST_QNN_eff_su2_r5_d2_s45,9c643891ee603d7b,test,152,2026,1,ibm_kingston,128,387,342,45,0,6,"{""cz"": 45, ""measure"": 6, ""rz"": 209, ""sx"": 133}",156,6
MNIST_QNN_eff_su2_r5_d2_s45,e1c4f3bbed6ba5a6,test,153,2026,1,ibm_kingston,128,387,342,45,0,6,"{""cz"": 45, ""measure"": 6, ""rz"": 209, ""sx"": 133}",156,6
MNIST_QNN_eff_su2_r5_d2_s45,27f8e528e548c86e,test,156,2026,1,ibm_kingston,128,387,342,45,0,6,"{""cz"": 45, ""measure"": 6, ""rz"": 209, ""sx"": 133}",156,6
MNIST_QNN_eff_su2_r5_d2_s45,f7f3502cb41f05e4,test,162,2026,1,ibm_kingston,128,387,342,45,0,6,"{""cz"": 45, ""measure"": 6, ""rz"": 209, ""sx"": 133}",156,6
MNIST_QNN_eff_su2_r5_d2_s45,86b2a8b49665b421,test,163,2026,1,ibm_kingston,128,387,342,45,0,6,"{""cz"": 45, ""measure"": 6, ""rz"": 209, ""sx"": 133}",156,6
MNIST_QNN_eff_su2_r5_d2_s45,ae2fa579c90eb97a,test,164,2026,1,ibm_kingston,128,387,342,45,0,6,"{""cz"": 45, ""measure"": 6, ""rz"": 209, ""sx"": 133}",156,6
MNIST_QNN_eff_su2_r5_d2_s45,767ce06148f6fa36,test,165,2026,1,ibm_kingston,128,387,342,45,0,6,"{""cz"": 45, ""measure"": 6, ""rz"": 209, ""sx"": 133}",156,6
MNIST_QNN_eff_su2_r5_d2_s45,cd70243e7b23650e,test,166,2026,1,ibm_kingston,128,387,342,45,0,6,"{""cz"": 45, ""measure"": 6, ""rz"": 209, ""sx"": 133}",156,6
MNIST_QNN_eff_su2_r5_d2_s45,b978d29a0fd3a951,test,168,2026,1,ibm_kingston,128,387,342,45,0,6,"{""cz"": 45, ""measure"": 6, ""rz"": 209, ""sx"": 133}",156,6
MNIST_QNN_eff_su2_r5_d2_s45,1e7dbb13db04873f,test,169,2026,1,ibm_kingston,128,387,342,45,0,6,"{""cz"": 45, ""measure"": 6, ""rz"": 209, ""sx"": 133}",156,6
MNIST_QNN_eff_su2_r5_d2_s45,afdd42ecfc4539da,test,170,2026,1,ibm_kingston,128,387,342,45,0,6,"{""cz"": 45, ""measure"": 6, ""rz"": 209, ""sx"": 133}",156,6
MNIST_QNN_eff_su2_r5_d2_s45,220d99a17e2b9e22,test,171,2026,1,ibm_kingston,128,387,342,45,0,6,"{""cz"": 45, ""measure"": 6, ""rz"": 209, ""sx"": 133}",156,6
MNIST_QNN_eff_su2_r5_d2_s45,9d384583fb06a7a9,test,173,2026,1,ibm_kingston,128,387,342,45,0,6,"{""cz"": 45, ""measure"": 6, ""rz"": 209, ""sx"": 133}",156,6
MNIST_QNN_eff_su2_r5_d2_s45,5ef8bc230b7b9515,test,174,2026,1,ibm_kingston,128,387,342,45,0,6,"{""cz"": 45, ""measure"": 6, ""rz"": 209, ""sx"": 133}",156,6
MNIST_QNN_eff_su2_r5_d2_s45,431538f964d868a7,test,177,2026,1,ibm_kingston,128,387,342,45,0,6,"{""cz"": 45, ""measure"": 6, ""rz"": 209, ""sx"": 133}",156,6
MNIST_QNN_eff_su2_r5_d2_s45,649364af45308d71,test,178,2026,1,ibm_kingston,128,387,342,45,0,6,"{""cz"": 45, ""measure"": 6, ""rz"": 209, ""sx"": 133}",156,6
MNIST_QNN_eff_su2_r5_d2_s45,8f8257b5d1f556ab,test,179,2026,1,ibm_kingston,128,387,342,45,0,6,"{""cz"": 45, ""measure"": 6, ""rz"": 209, ""sx"": 133}",156,6
MNIST_QNN_eff_su2_r5_d2_s45,5f821c7a666fd09a,test,180,2026,1,ibm_kingston,128,387,342,45,0,6,"{""cz"": 45, ""measure"": 6, ""rz"": 209, ""sx"": 133}",156,6
MNIST_QNN_eff_su2_r5_d2_s45,9c460de7481e72d6,test,182,2026,1,ibm_kingston,128,387,342,45,0,6,"{""cz"": 45, ""measure"": 6, ""rz"": 209, ""sx"": 133}",156,6
MNIST_QNN_eff_su2_r5_d2_s45,7312dc5932e133c7,test,184,2026,1,ibm_kingston,128,387,342,45,0,6,"{""cz"": 45, ""measure"": 6, ""rz"": 209, ""sx"": 133}",156,6
MNIST_QNN_eff_su2_r5_d2_s45,0b5dd49ca43d3fbb,test,189,2026,1,ibm_kingston,128,387,342,45,0,6,"{""cz"": 45, ""measure"": 6, ""rz"": 209, ""sx"": 133}",156,6
MNIST_QNN_eff_su2_r5_d2_s45,0e19931c2010fb7d,test,190,2026,1,ibm_kingston,128,387,342,45,0,6,"{""cz"": 45, ""measure"": 6, ""rz"": 209, ""sx"": 133}",156,6
MNIST_QNN_eff_su2_r5_d2_s45,b9d2e138eb159fec,test,195,2026,1,ibm_kingston,128,387,342,45,0,6,"{""cz"": 45, ""measure"": 6, ""rz"": 209, ""sx"": 133}",156,6
MNIST_QNN_eff_su2_r5_d2_s45,066769e9fa7d4b7e,test,196,2026,1,ibm_kingston,128,387,342,45,0,6,"{""cz"": 45, ""measure"": 6, ""rz"": 209, ""sx"": 133}",156,6
